166,44
123,76
103,108
131,140
101,172
0,204
91,236
0,268
0,300
0,332
0,364
0,396
0,428
0,460
0,492
0,524
0,556
0,588
0,620
187,652
0,684
171,716
155,748
0,780
153,812
151,844
0,876
141,908
118,940
185,972
115,1004
0,1036
153,1068
0,1100
0,1132
119,1164
0,1196
0,1228
117,1260
0,1292
105,1324
0,1356
0,1388
0,1420
0,1452
237,1484
0,1516
0,1548
0,1580
0,1612
0,1644
135,1676
0,1708
217,1740
104,1772
213,1804
169,1836
215,1868
169,1900
134,1932
165,1964
132,1996
103,2028
124,2060
101,2092
101,2124
99,2156
99,2188
0,2220
100,2252
0,2284
0,2316
0,2348
0,2380
0,2412
0,2444
0,2476
98,2508
0,2540
0,2572
0,2604
181,2636
185,2668
0,2700
183,2732
155,2764
0,2796
153,2828
119,2860
185,2892
108,2924
0,2956
184,2988
0,3020
0,3052
152,3084
0,3116
0,3148
119,3180
0,3212
108,3244
0,3276
0,3308
0,3340
0,3372
235,3404
0,3436
0,3468
169,3500
0,3532
0,3564
170,3596
0,3628
215,3660
133,3692
215,3724
173,3756
215,3788
169,3820
172,3852
165,3884
168,3916
133,3948
166,3980
131,4012
103,4044
123,4076
93,4108
0,4140
93,4172
0,4204
0,4236
0,4268
0,4300
0,4332
0,4364
0,4396
103,4428
0,4460
0,4492
181,4524
0,4556
187,4588
0,4620
173,4652
153,4684
0,4716
151,4748
155,4780
0,4812
150,4844
111,4876
185,4908
109,4940
0,4972
152,5004
0,5036
0,5068
119,5100
0,5132
109,5164
119,5196
0,5228
107,5260
0,5292
0,5324
0,5356
0,5388
237,5420
0,5452
0,5484
169,5516
0,5548
0,5580
133,5612
0,5644
217,5676
103,5708
217,5740
171,5772
217,5804
167,5836
132,5868
165,5900
0,5932
103,5964
125,5996
103,6028
103,6060
0,6092
99,6124
0,6156
101,6188
0,6220
0,6252
0,6284
0,6316
0,6348
0,6380
0,6412
0,6444
0,6476
0,6508
0,6540
183,6572
185,6604
0,6636
181,6668
153,6700
108,6732
151,6764
117,6796
183,6828
110,6860
0,6892
185,6924
0,6956
0,6988
153,7020
0,7052
140,7084
119,7116
0,7148
107,7180
0,7212
0,7244
0,7276
0,7308
235,7340
173,7372
0,7404
169,7436
0,7468
0,7500
173,7532
0,7564
219,7596
135,7628
216,7660
169,7692
215,7724
169,7756
168,7788
165,7820
168,7852
133,7884
166,7916
131,7948
104,7980
0,8012
100,8044
0,8076
99,8108
0,8140
0,8172
0,8204
0,8236
0,8268
0,8300
0,8332
0,8364
0,8396
0,8428
0,8460
0,8492
187,8524
0,8556
183,8588
157,8620
141,8652
151,8684
154,8716
0,8748
152,8780
118,8812
185,8844
107,8876
0,8908
163,8940
0,8972
0,9004
116,9036
0,9068
0,9100
117,9132
0,9164
107,9196
0,9228
0,9260
217,9292
0,9324
237,9356
0,9388
0,9420
173,9452
0,9484
0,9516
136,9548
132,9580
217,9612
0,9644
217,9676
173,9708
215,9740
169,9772
134,9804
165,9836
135,9868
101,9900
0,9932
99,9964
101,9996
101,10028
103,10060
0,10092
101,10124
0,10156
0,10188
0,10220
0,10252
0,10284
0,10316
0,10348
91,10380
0,10412
0,10444
0,10476
179,10508
187,10540
151,10572
183,10604
153,10636
0,10668
151,10700
119,10732
185,10764
116,10796
0,10828
183,10860
0,10892
0,10924
155,10956
0,10988
0,11020
119,11052
0,11084
108,11116
0,11148
0,11180
215,11212
0,11244
235,11276
0,11308
0,11340
173,11372
170,11404
0,11436
171,11468
0,11500
215,11532
0,11564
215,11596
171,11628
215,11660
169,11692
168,11724
165,11756
168,11788
131,11820
0,11852
123,11884
101,11916
125,11948
100,11980
0,12012
99,12044
0,12076
0,12108
0,12140
0,12172
0,12204
0,12236
0,12268
93,12300
0,12332
0,12364
181,12396
0,12428
187,12460
149,12492
173,12524
153,12556
0,12588
151,12620
152,12652
0,12684
151,12716
109,12748
185,12780
109,12812
0,12844
153,12876
0,12908
0,12940
119,12972
0,13004
107,13036
109,13068
0,13100
0,13132
0,13164
0,13196
0,13228
0,13260
235,13292
0,13324
0,13356
173,13388
0,13420
0,13452
0,13484
0,13516
219,13548
103,13580
213,13612
169,13644
213,13676
169,13708
136,13740
0,13772
134,13804
103,13836
124,13868
99,13900
101,13932
91,13964
101,13996
0,14028
89,14060
0,14092
0,14124
0,14156
0,14188
0,14220
0,14252
0,14284
0,14316
0,14348
0,14380
179,14412
183,14444
185,14476
0,14508
173,14540
153,14572
0,14604
149,14636
118,14668
185,14700
108,14732
0,14764
183,14796
0,14828
0,14860
152,14892
0,14924
147,14956
119,14988
0,15020
0,15052
0,15084
0,15116
0,15148
0,15180
233,15212
0,15244
0,15276
171,15308
0,15340
0,15372
0,15404
0,15436
215,15468
135,15500
215,15532
171,15564
215,15596
169,15628
170,15660
0,15692
168,15724
132,15756
168,15788
135,15820
103,15852
123,15884
101,15916
0,15948
92,15980
0,16012
0,16044
0,16076
0,16108
0,16140
0,16172
0,16204
0,16236
0,16268
0,16300
173,16332
0,16364
187,16396
0,16428
181,16460
155,16492
0,16524
153,16556
151,16588
0,16620
144,16652
119,16684
183,16716
107,16748
0,16780
155,16812
0,16844
0,16876
119,16908
0,16940
0,16972
119,17004
0,17036
119,17068
0,17100
0,17132
0,17164
0,17196
237,17228
0,17260
0,17292
0,17324
0,17356
0,17388
135,17420
0,17452
219,17484
0,17516
217,17548
171,17580
103,17612
169,17644
132,17676
165,17708
124,17740
101,17772
133,17804
91,17836
101,17868
101,17900
102,17932
0,17964
101,17996
0,18028
0,18060
0,18092
0,18124
0,18156
0,18188
0,18220
0,18252
0,18284
0,18316
0,18348
179,18380
187,18412
0,18444
185,18476
153,18508
0,18540
151,18572
119,18604
183,18636
116,18668
0,18700
183,18732
0,18764
0,18796
151,18828
0,18860
0,18892
115,18924
0,18956
109,18988
0,19020
0,19052
0,19084
0,19116
235,19148
0,19180
0,19212
173,19244
0,19276
0,19308
169,19340
0,19372
215,19404
0,19436
215,19468
171,19500
105,19532
169,19564
172,19596
165,19628
168,19660
135,19692
167,19724
132,19756
100,19788
125,19820
93,19852
0,19884
99,19916
0,19948
0,19980
0,20012
0,20044
0,20076
0,20108
0,20140
0,20172
0,20204
0,20236
181,20268
0,20300
183,20332
0,20364
181,20396
153,20428
0,20460
153,20492
152,20524
0,20556
151,20588
109,20620
185,20652
107,20684
0,20716
152,20748
0,20780
0,20812
118,20844
0,20876
107,20908
119,20940
0,20972
109,21004
0,21036
0,21068
0,21100
0,21132
237,21164
0,21196
0,21228
173,21260
0,21292
0,21324
0,21356
0,21388
215,21420
104,21452
217,21484
169,21516
213,21548
169,21580
132,21612
167,21644
124,21676
103,21708
132,21740
92,21772
101,21804
89,21836
101,21868
0,21900
100,21932
0,21964
0,21996
0,22028
0,22060
0,22092
0,22124
0,22156
0,22188
0,22220
0,22252
0,22284
183,22316
187,22348
0,22380
175,22412
153,22444
0,22476
153,22508
119,22540
0,22572
108,22604
0,22636
183,22668
0,22700
0,22732
154,22764
0,22796
148,22828
119,22860
0,22892
109,22924
0,22956
0,22988
0,23020
0,23052
232,23084
0,23116
0,23148
173,23180
0,23212
0,23244
0,23276
0,23308
215,23340
135,23372
93,23404
173,23436
215,23468
169,23500
170,23532
167,23564
169,23596
133,23628
160,23660
133,23692
100,23724
123,23756
93,23788
0,23820
99,23852
219,23884
0,23916
0,23948
0,23980
0,24012
0,24044
0,24076
0,24108
0,24140
0,24172
181,24204
0,24236
187,24268
0,24300
183,24332
153,24364
0,24396
153,24428
152,24460
105,24492
151,24524
119,24556
185,24588
107,24620
0,24652
151,24684
0,24716
0,24748
119,24780
0,24812
0,24844
107,24876
0,24908
107,24940
0,24972
0,25004
0,25036
0,25068
247,25100
0,25132
0,25164
0,25196
0,25228
0,25260
136,25292
0,25324
217,25356
0,25388
213,25420
169,25452
215,25484
169,25516
124,25548
165,25580
132,25612
103,25644
124,25676
101,25708
101,25740
99,25772
101,25804
0,25836
101,25868
0,25900
0,25932
0,25964
0,25996
0,26028
0,26060
0,26092
0,26124
0,26156
0,26188
0,26220
179,26252
187,26284
0,26316
183,26348
155,26380
107,26412
151,26444
110,26476
185,26508
116,26540
0,26572
185,26604
0,26636
0,26668
151,26700
0,26732
0,26764
110,26796
0,26828
109,26860
0,26892
0,26924
0,26956
0,26988
235,27020
169,27052
0,27084
173,27116
0,27148
0,27180
171,27212
0,27244
215,27276
0,27308
215,27340
169,27372
215,27404
169,27436
168,27468
165,27500
0,27532
133,27564
166,27596
123,27628
99,27660
132,27692
100,27724
0,27756
101,27788
0,27820
0,27852
0,27884
0,27916
0,27948
0,27980
0,28012
0,28044
0,28076
0,28108
181,28140
0,28172
187,28204
0,28236
171,28268
153,28300
148,28332
151,28364
151,28396
0,28428
151,28460
117,28492
185,28524
109,28556
0,28588
154,28620
0,28652
0,28684
119,28716
0,28748
108,28780
118,28812
0,28844
107,28876
0,28908
0,28940
217,28972
0,29004
237,29036
0,29068
0,29100
173,29132
0,29164
0,29196
0,29228
0,29260
217,29292
103,29324
217,29356
171,29388
217,29420
169,29452
124,29484
165,29516
126,29548
103,29580
122,29612
92,29644
103,29676
92,29708
101,29740
0,29772
99,29804
0,29836
0,29868
0,29900
0,29932
0,29964
0,29996
0,30028
0,30060
0,30092
0,30124
0,30156
179,30188
186,30220
139,30252
183,30284
155,30316
0,30348
151,30380
119,30412
185,30444
116,30476
0,30508
185,30540
0,30572
0,30604
153,30636
0,30668
139,30700
117,30732
0,30764
109,30796
0,30828
0,30860
215,30892
0,30924
232,30956
0,30988
0,31020
169,31052
0,31084
0,31116
0,31148
133,31180
219,31212
135,31244
215,31276
169,31308
215,31340
169,31372
171,31404
165,31436
168,31468
133,31500
166,31532
124,31564
103,31596
125,31628
91,31660
0,31692
99,31724
0,31756
0,31788
0,31820
0,31852
0,31884
0,31916
0,31948
0,31980
0,32012
0,32044
0,32076
0,32108
187,32140
149,32172
179,32204
153,32236
0,32268
141,32300
154,32332
0,32364
147,32396
109,32428
185,32460
107,32492
0,32524
155,32556
0,32588
0,32620
120,32652
0,32684
0,32716
118,32748
0,32780
0,32812
0,32844
0,32876
0,32908
0,32940
237,32972
169,33004
0,33036
0,33068
0,33100
0,33132
136,33164
0,33196
217,33228
0,33260
205,33292
171,33324
215,33356
169,33388
132,33420
167,33452
124,33484
103,33516
122,33548
91,33580
102,33612
99,33644
93,33676
0,33708
91,33740
0,33772
0,33804
0,33836
0,33868
0,33900
0,33932
0,33964
93,33996
0,34028
0,34060
182,34092
181,34124
185,34156
0,34188
183,34220
153,34252
0,34284
151,34316
119,34348
183,34380
109,34412
0,34444
185,34476
0,34508
0,34540
161,34572
0,34604
0,34636
119,34668
0,34700
0,34732
0,34764
0,34796
215,34828
0,34860
235,34892
0,34924
0,34956
169,34988
0,35020
0,35052
171,35084
0,35116
215,35148
0,35180
215,35212
171,35244
215,35276
169,35308
168,35340
0,35372
168,35404
133,35436
166,35468
123,35500
100,35532
123,35564
91,35596
0,35628
91,35660
0,35692
0,35724
0,35756
0,35788
0,35820
0,35852
0,35884
103,35916
0,35948
0,35980
181,36012
0,36044
183,36076
0,36108
172,36140
155,36172
0,36204
151,36236
152,36268
0,36300
151,36332
119,36364
185,36396
109,36428
0,36460
153,36492
0,36524
0,36556
117,36588
0,36620
0,36652
119,36684
0,36716
109,36748
0,36780
0,36812
0,36844
0,36876
237,36908
0,36940
0,36972
171,37004
0,37036
0,37068
0,37100
133,37132
217,37164
103,37196
215,37228
173,37260
103,37292
169,37324
134,37356
165,37388
134,37420
101,37452
134,37484
102,37516
103,37548
93,37580
101,37612
0,37644
101,37676
0,37708
0,37740
0,37772
0,37804
0,37836
0,37868
0,37900
0,37932
0,37964
0,37996
0,38028
183,38060
187,38092
0,38124
183,38156
153,38188
0,38220
153,38252
119,38284
183,38316
107,38348
0,38380
181,38412
0,38444
0,38476
153,38508
0,38540
0,38572
119,38604
0,38636
106,38668
0,38700
0,38732
0,38764
0,38796
235,38828
0,38860
0,38892
169,38924
168,38956
0,38988
0,39020
0,39052
215,39084
133,39116
215,39148
170,39180
104,39212
169,39244
170,39276
167,39308
168,39340
135,39372
168,39404
131,39436
103,39468
123,39500
103,39532
0,39564
99,39596
0,39628
0,39660
0,39692
0,39724
0,39756
0,39788
0,39820
0,39852
0,39884
0,39916
0,39948
0,39980
183,40012
0,40044
179,40076
153,40108
0,40140
151,40172
151,40204
0,40236
149,40268
109,40300
185,40332
107,40364
0,40396
154,40428
0,40460
0,40492
119,40524
0,40556
0,40588
110,40620
0,40652
107,40684
0,40716
0,40748
217,40780
0,40812
237,40844
0,40876
0,40908
0,40940
0,40972
0,41004
137,41036
0,41068
217,41100
103,41132
217,41164
171,41196
215,41228
171,41260
134,41292
165,41324
126,41356
103,41388
123,41420
93,41452
103,41484
101,41516
91,41548
0,41580
99,41612
0,41644
0,41676
0,41708
0,41740
0,41772
0,41804
0,41836
100,41868
0,41900
0,41932
0,41964
180,41996
185,42028
0,42060
173,42092
153,42124
0,42156
151,42188
119,42220
181,42252
108,42284
0,42316
185,42348
0,42380
0,42412
152,42444
0,42476
0,42508
117,42540
0,42572
0,42604
0,42636
0,42668
0,42700
0,42732
235,42764
0,42796
0,42828
171,42860
0,42892
0,42924
170,42956
0,42988
219,43020
133,43052
215,43084
173,43116
215,43148
169,43180
170,43212
165,43244
168,43276
135,43308
167,43340
125,43372
103,43404
131,43436
91,43468
0,43500
99,43532
0,43564
0,43596
0,43628
0,43660
0,43692
0,43724
0,43756
101,43788
0,43820
0,43852
181,43884
0,43916
183,43948
0,43980
183,44012
153,44044
0,44076
151,44108
152,44140
0,44172
152,44204
119,44236
185,44268
117,44300
0,44332
153,44364
0,44396
0,44428
119,44460
0,44492
108,44524
119,44556
0,44588
109,44620
0,44652
0,44684
0,44716
0,44748
247,44780
0,44812
0,44844
171,44876
0,44908
0,44940
136,44972
0,45004
215,45036
103,45068
215,45100
171,45132
213,45164
169,45196
134,45228
165,45260
124,45292
103,45324
126,45356
99,45388
103,45420
0,45452
99,45484
0,45516
101,45548
0,45580
0,45612
0,45644
0,45676
0,45708
0,45740
0,45772
0,45804
0,45836
0,45868
0,45900
179,45932
185,45964
0,45996
183,46028
153,46060
108,46092
153,46124
117,46156
187,46188
107,46220
0,46252
185,46284
0,46316
0,46348
154,46380
0,46412
141,46444
119,46476
0,46508
107,46540
0,46572
0,46604
0,46636
0,46668
247,46700
169,46732
0,46764
169,46796
0,46828
0,46860
170,46892
0,46924
215,46956
135,46988
215,47020
171,47052
215,47084
169,47116
172,47148
167,47180
166,47212
133,47244
166,47276
132,47308
103,47340
0,47372
101,47404
0,47436
91,47468
0,47500
0,47532
0,47564
0,47596
0,47628
0,47660
0,47692
0,47724
0,47756
0,47788
0,47820
0,47852
187,47884
0,47916
0,47948
155,47980
148,48012
149,48044
154,48076
0,48108
151,48140
108,48172
185,48204
107,48236
0,48268
153,48300
0,48332
0,48364
120,48396
0,48428
0,48460
119,48492
0,48524
107,48556
0,48588
0,48620
217,48652
0,48684
247,48716
0,48748
0,48780
173,48812
0,48844
0,48876
136,48908
0,48940
215,48972
0,49004
217,49036
171,49068
215,49100
169,49132
132,49164
165,49196
124,49228
101,49260
0,49292
103,49324
103,49356
93,49388
99,49420
0,49452
101,49484
0,49516
0,49548
0,49580
0,49612
0,49644
0,49676
0,49708
101,49740
0,49772
0,49804
0,49836
179,49868
185,49900
141,49932
183,49964
153,49996
0,50028
151,50060
119,50092
187,50124
109,50156
0,50188
183,50220
0,50252
0,50284
151,50316
0,50348
0,50380
119,50412
0,50444
108,50476
0,50508
0,50540
215,50572
0,50604
233,50636
0,50668
0,50700
171,50732
0,50764
0,50796
171,50828
0,50860
215,50892
0,50924
215,50956
171,50988
215,51020
169,51052
170,51084
165,51116
168,51148
135,51180
0,51212
123,51244
101,51276
121,51308
103,51340
0,51372
99,51404
0,51436
0,51468
0,51500
0,51532
0,51564
0,51596
0,51628
101,51660
0,51692
0,51724
183,51756
0,51788
187,51820
139,51852
179,51884
153,51916
0,51948
151,51980
153,52012
0,52044
151,52076
109,52108
183,52140
109,52172
0,52204
153,52236
0,52268
0,52300
119,52332
0,52364
105,52396
118,52428
0,52460
0,52492
0,52524
0,52556
0,52588
0,52620
237,52652
0,52684
0,52716
173,52748
0,52780
0,52812
0,52844
0,52876
217,52908
103,52940
217,52972
169,53004
215,53036
169,53068
132,53100
0,53132
124,53164
103,53196
126,53228
91,53260
103,53292
99,53324
99,53356
0,53388
99,53420
0,53452
0,53484
0,53516
0,53548
0,53580
0,53612
0,53644
0,53676
0,53708
0,53740
173,53772
173,53804
185,53836
0,53868
183,53900
153,53932
0,53964
151,53996
119,54028
185,54060
119,54092
0,54124
183,54156
0,54188
0,54220
151,54252
0,54284
139,54316
119,54348
0,54380
0,54412
0,54444
0,54476
0,54508
0,54540
235,54572
0,54604
0,54636
169,54668
0,54700
0,54732
0,54764
0,54796
215,54828
133,54860
215,54892
171,54924
215,54956
169,54988
168,55020
0,55052
170,55084
133,55116
166,55148
135,55180
103,55212
123,55244
91,55276
0,55308
91,55340
0,55372
0,55404
0,55436
0,55468
0,55500
0,55532
0,55564
0,55596
0,55628
0,55660
181,55692
0,55724
187,55756
0,55788
179,55820
155,55852
0,55884
153,55916
153,55948
0,55980
149,56012
109,56044
185,56076
107,56108
0,56140
153,56172
0,56204
0,56236
119,56268
0,56300
0,56332
117,56364
0,56396
109,56428
0,56460
0,56492
0,56524
0,56556
237,56588
0,56620
0,56652
0,56684
0,56716
0,56748
135,56780
0,56812
217,56844
0,56876
217,56908
169,56940
103,56972
169,57004
134,57036
165,57068
132,57100
103,57132
123,57164
99,57196
101,57228
101,57260
99,57292
0,57324
101,57356
0,57388
0,57420
0,57452
0,57484
0,57516
0,57548
0,57580
0,57612
0,57644
0,57676
0,57708
171,57740
187,57772
0,57804
181,57836
155,57868
0,57900
151,57932
119,57964
185,57996
118,58028
0,58060
183,58092
0,58124
0,58156
155,58188
0,58220
0,58252
115,58284
0,58316
109,58348
0,58380
0,58412
0,58444
0,58476
235,58508
0,58540
0,58572
169,58604
0,58636
0,58668
172,58700
0,58732
215,58764
0,58796
215,58828
171,58860
103,58892
169,58924
168,58956
167,58988
166,59020
132,59052
166,59084
123,59116
103,59148
131,59180
93,59212
0,59244
99,59276
0,59308
0,59340
0,59372
0,59404
0,59436
0,59468
0,59500
0,59532
0,59564
0,59596
181,59628
0,59660
187,59692
0,59724
183,59756
157,59788
0,59820
151,59852
151,59884
0,59916
149,59948
0,59980
185,60012
107,60044
0,60076
154,60108
0,60140
0,60172
119,60204
0,60236
116,60268
121,60300
0,60332
107,60364
0,60396
0,60428
0,60460
0,60492
237,60524
0,60556
0,60588
171,60620
0,60652
0,60684
0,60716
0,60748
217,60780
103,60812
217,60844
169,60876
205,60908
169,60940
136,60972
167,61004
124,61036
99,61068
123,61100
93,61132
99,61164
101,61196
103,61228
0,61260
101,61292
0,61324
0,61356
0,61388
0,61420
0,61452
0,61484
0,61516
0,61548
0,61580
0,61612
0,61644
173,61676
187,61708
0,61740
181,61772
155,61804
0,61836
151,61868
119,61900
0,61932
108,61964
0,61996
184,62028
0,62060
0,62092
153,62124
0,62156
139,62188
119,62220
0,62252
108,62284
0,62316
0,62348
0,62380
0,62412
235,62444
0,62476
0,62508
173,62540
0,62572
0,62604
0,62636
0,62668
215,62700
133,62732
215,62764
171,62796
215,62828
169,62860
168,62892
165,62924
170,62956
135,62988
166,63020
131,63052
103,63084
121,63116
91,63148
0,63180
91,63212
0,63244
0,63276
0,63308
0,63340
0,63372
0,63404
0,63436
0,63468
0,63500
0,63532
183,63564
0,63596
187,63628
0,63660
179,63692
153,63724
0,63756
151,63788
153,63820
107,63852
151,63884
117,63916
185,63948
107,63980
0,64012
153,64044
0,64076
0,64108
119,64140
0,64172
0,64204
118,64236
0,64268
105,64300
0,64332
0,64364
0,64396
0,64428
235,64460
0,64492
0,64524
0,64556
0,64588
0,64620
136,64652
0,64684
217,64716
0,64748
217,64780
171,64812
207,64844
169,64876
132,64908
169,64940
134,64972
101,65004
122,65036
99,65068
103,65100
99,65132
101,65164
0,65196
99,65228
0,65260
0,65292
0,65324
0,65356
0,65388
0,65420
0,65452
0,65484
0,65516
0,65548
0,65580
179,65612
185,65644
0,65676
183,65708
153,65740
116,65772
151,65804
117,65836
183,65868
108,65900
0,65932
185,65964
0,65996
0,66028
152,66060
0,66092
0,66124
114,66156
0,66188
107,66220
0,66252
0,66284
0,66316
0,66348
235,66380
171,66412
0,66444
173,66476
0,66508
0,66540
170,66572
0,66604
215,66636
0,66668
215,66700
171,66732
215,66764
169,66796
171,66828
167,66860
168,66892
133,66924
166,66956
133,66988
100,67020
123,67052
103,67084
0,67116
99,67148
0,67180
0,67212
0,67244
0,67276
0,67308
0,67340
0,67372
0,67404
0,67436
0,67468
181,67500
0,67532
183,67564
0,67596
181,67628
153,67660
149,67692
151,67724
151,67756
0,67788
142,67820
119,67852
185,67884
108,67916
0,67948
153,67980
0,68012
0,68044
119,68076
0,68108
108,68140
109,68172
0,68204
108,68236
0,68268
0,68300
217,68332
0,68364
237,68396
0,68428
0,68460
169,68492
0,68524
0,68556
0,68588
0,68620
217,68652
103,68684
215,68716
169,68748
213,68780
169,68812
132,68844
165,68876
132,68908
99,68940
124,68972
102,69004
103,69036
101,69068
101,69100
0,69132
101,69164
0,69196
0,69228
0,69260
0,69292
0,69324
0,69356
0,69388
0,69420
0,69452
0,69484
0,69516
179,69548
187,69580
149,69612
173,69644
153,69676
0,69708
151,69740
119,69772
185,69804
117,69836
0,69868
184,69900
0,69932
0,69964
152,69996
0,70028
139,70060
119,70092
0,70124
115,70156
0,70188
0,70220
215,70252
0,70284
235,70316
0,70348
0,70380
173,70412
0,70444
0,70476
0,70508
0,70540
215,70572
135,70604
215,70636
169,70668
203,70700
169,70732
170,70764
163,70796
168,70828
135,70860
166,70892
135,70924
100,70956
123,70988
101,71020
0,71052
99,71084
0,71116
0,71148
0,71180
0,71212
0,71244
0,71276
0,71308
0,71340
0,71372
0,71404
0,71436
0,71468
187,71500
141,71532
179,71564
155,71596
0,71628
153,71660
152,71692
0,71724
151,71756
109,71788
185,71820
109,71852
0,71884
155,71916
0,71948
0,71980
0,72012
0,72044
0,72076
111,72108
0,72140
0,72172
0,72204
0,72236
0,72268
0,72300
247,72332
0,72364
0,72396
0,72428
0,72460
0,72492
126,72524
0,72556
215,72588
0,72620
217,72652
171,72684
215,72716
169,72748
134,72780
157,72812
135,72844
103,72876
122,72908
99,72940
103,72972
100,73004
99,73036
0,73068
91,73100
0,73132
0,73164
0,73196
0,73228
0,73260
0,73292
0,73324
102,73356
0,73388
0,73420
173,73452
181,73484
185,73516
0,73548
183,73580
153,73612
0,73644
153,73676
115,73708
187,73740
107,73772
0,73804
183,73836
0,73868
0,73900
153,73932
0,73964
0,73996
118,74028
0,74060
0,74092
0,74124
0,74156
0,74188
0,74220
243,74252
0,74284
0,74316
173,74348
0,74380
0,74412
170,74444
0,74476
219,74508
0,74540
215,74572
169,74604
215,74636
169,74668
168,74700
0,74732
168,74764
133,74796
154,74828
132,74860
99,74892
131,74924
93,74956
0,74988
101,75020
0,75052
0,75084
0,75116
0,75148
0,75180
0,75212
0,75244
101,75276
0,75308
0,75340
173,75372
0,75404
183,75436
0,75468
183,75500
153,75532
0,75564
151,75596
152,75628
0,75660
140,75692
109,75724
185,75756
109,75788
0,75820
152,75852
0,75884
0,75916
117,75948
0,75980
0,76012
121,76044
0,76076
107,76108
0,76140
0,76172
0,76204
0,76236
237,76268
0,76300
0,76332
169,76364
0,76396
0,76428
0,76460
0,76492
217,76524
103,76556
215,76588
171,76620
101,76652
169,76684
132,76716
165,76748
132,76780
101,76812
122,76844
101,76876
101,76908
101,76940
103,76972
0,77004
101,77036
0,77068
0,77100
0,77132
0,77164
0,77196
0,77228
0,77260
0,77292
0,77324
0,77356
0,77388
183,77420
185,77452
0,77484
181,77516
154,77548
0,77580
151,77612
119,77644
185,77676
109,77708
0,77740
183,77772
0,77804
0,77836
152,77868
0,77900
0,77932
120,77964
0,77996
107,78028
0,78060
0,78092
0,78124
0,78156
243,78188
0,78220
0,78252
169,78284
0,78316
0,78348
0,78380
0,78412
215,78444
133,78476
215,78508
169,78540
104,78572
169,78604
168,78636
165,78668
168,78700
133,78732
168,78764
123,78796
102,78828
120,78860
101,78892
0,78924
91,78956
0,78988
0,79020
0,79052
0,79084
0,79116
0,79148
0,79180
0,79212
0,79244
0,79276
0,79308
0,79340
187,79372
0,79404
181,79436
153,79468
0,79500
141,79532
152,79564
0,79596
151,79628
109,79660
185,79692
108,79724
0,79756
153,79788
0,79820
0,79852
120,79884
0,79916
0,79948
119,79980
0,80012
108,80044
0,80076
0,80108
0,80140
0,80172
237,80204
0,80236
0,80268
0,80300
0,80332
0,80364
135,80396
0,80428
217,80460
103,80492
93,80524
169,80556
217,80588
165,80620
135,80652
165,80684
132,80716
94,80748
124,80780
100,80812
100,80844
99,80876
101,80908
0,80940
97,80972
0,81004
0,81036
0,81068
0,81100
0,81132
0,81164
0,81196
101,81228
0,81260
0,81292
0,81324
179,81356
185,81388
0,81420
181,81452
155,81484
0,81516
151,81548
109,81580
181,81612
108,81644
0,81676
185,81708
0,81740
0,81772
152,81804
0,81836
0,81868
116,81900
0,81932
119,81964
0,81996
0,82028
0,82060
0,82092
231,82124
0,82156
0,82188
173,82220
0,82252
0,82284
172,82316
135,82348
215,82380
135,82412
215,82444
169,82476
215,82508
169,82540
168,82572
165,82604
168,82636
133,82668
167,82700
125,82732
102,82764
121,82796
93,82828
0,82860
99,82892
0,82924
0,82956
0,82988
0,83020
0,83052
0,83084
0,83116
99,83148
0,83180
0,83212
181,83244
0,83276
187,83308
0,83340
183,83372
153,83404
0,83436
143,83468
152,83500
0,83532
151,83564
117,83596
185,83628
107,83660
0,83692
153,83724
0,83756
0,83788
117,83820
0,83852
117,83884
110,83916
0,83948
107,83980
0,84012
90,84044
0,84076
0,84108
237,84140
0,84172
0,84204
173,84236
0,84268
0,84300
137,84332
0,84364
215,84396
103,84428
217,84460
171,84492
215,84524
169,84556
134,84588
165,84620
124,84652
103,84684
125,84716
101,84748
103,84780
0,84812
99,84844
0,84876
99,84908
0,84940
0,84972
0,85004
0,85036
0,85068
0,85100
0,85132
0,85164
0,85196
0,85228
0,85260
173,85292
185,85324
0,85356
175,85388
153,85420
105,85452
151,85484
119,85516
185,85548
108,85580
0,85612
185,85644
0,85676
0,85708
153,85740
0,85772
141,85804
117,85836
0,85868
108,85900
0,85932
0,85964
0,85996
0,86028
235,86060
169,86092
0,86124
169,86156
0,86188
0,86220
169,86252
0,86284
215,86316
131,86348
215,86380
171,86412
215,86444
169,86476
170,86508
167,86540
168,86572
135,86604
168,86636
131,86668
100,86700
0,86732
103,86764
0,86796
92,86828
0,86860
0,86892
0,86924
0,86956
0,86988
0,87020
0,87052
0,87084
0,87116
0,87148
0,87180
0,87212
187,87244
0,87276
173,87308
155,87340
149,87372
155,87404
151,87436
0,87468
151,87500
119,87532
183,87564
107,87596
0,87628
151,87660
0,87692
0,87724
116,87756
0,87788
0,87820
119,87852
0,87884
107,87916
0,87948
0,87980
217,88012
0,88044
237,88076
0,88108
0,88140
173,88172
0,88204
0,88236
135,88268
124,88300
217,88332
0,88364
215,88396
171,88428
215,88460
169,88492
135,88524
165,88556
124,88588
101,88620
0,88652
100,88684
103,88716
99,88748
101,88780
0,88812
99,88844
0,88876
0,88908
0,88940
0,88972
0,89004
0,89036
0,89068
101,89100
0,89132
0,89164
0,89196
181,89228
185,89260
149,89292
181,89324
153,89356
0,89388
151,89420
109,89452
185,89484
108,89516
0,89548
185,89580
0,89612
0,89644
154,89676
0,89708
0,89740
117,89772
0,89804
107,89836
0,89868
0,89900
215,89932
0,89964
235,89996
0,90028
0,90060
169,90092
170,90124
0,90156
172,90188
0,90220
215,90252
0,90284
215,90316
171,90348
215,90380
167,90412
168,90444
165,90476
168,90508
135,90540
0,90572
131,90604
103,90636
123,90668
93,90700
0,90732
92,90764
0,90796
0,90828
0,90860
0,90892
0,90924
0,90956
0,90988
101,91020
0,91052
0,91084
181,91116
0,91148
183,91180
149,91212
171,91244
153,91276
0,91308
143,91340
153,91372
0,91404
151,91436
109,91468
175,91500
109,91532
0,91564
152,91596
0,91628
0,91660
116,91692
0,91724
107,91756
110,91788
0,91820
0,91852
0,91884
0,91916
217,91948
0,91980
237,92012
0,92044
0,92076
169,92108
0,92140
0,92172
0,92204
0,92236
215,92268
103,92300
217,92332
171,92364
215,92396
169,92428
134,92460
0,92492
134,92524
93,92556
132,92588
100,92620
99,92652
101,92684
91,92716
0,92748
101,92780
0,92812
0,92844
0,92876
0,92908
0,92940
0,92972
0,93004
0,93036
0,93068
0,93100
173,93132
183,93164
185,93196
0,93228
183,93260
153,93292
0,93324
151,93356
119,93388
183,93420
108,93452
0,93484
185,93516
0,93548
0,93580
151,93612
0,93644
141,93676
119,93708
0,93740
0,93772
0,93804
0,93836
0,93868
0,93900
235,93932
0,93964
0,93996
171,94028
0,94060
0,94092
0,94124
0,94156
215,94188
135,94220
215,94252
169,94284
215,94316
169,94348
166,94380
0,94412
168,94444
136,94476
164,94508
131,94540
105,94572
131,94604
103,94636
0,94668
91,94700
0,94732
0,94764
0,94796
0,94828
0,94860
0,94892
0,94924
0,94956
0,94988
0,95020
183,95052
0,95084
187,95116
0,95148
183,95180
155,95212
0,95244
151,95276
151,95308
0,95340
152,95372
118,95404
185,95436
109,95468
0,95500
153,95532
0,95564
0,95596
110,95628
0,95660
0,95692
111,95724
0,95756
108,95788
0,95820
0,95852
0,95884
0,95916
237,95948
0,95980
0,96012
0,96044
153,96076
0,96108
135,96140
0,96172
217,96204
0,96236
213,96268
167,96300
101,96332
169,96364
135,96396
165,96428
124,96460
103,96492
124,96524
100,96556
101,96588
91,96620
99,96652
0,96684
101,96716
0,96748
0,96780
0,96812
0,96844
0,96876
0,96908
0,96940
0,96972
0,97004
0,97036
0,97068
179,97100
185,97132
0,97164
183,97196
155,97228
0,97260
153,97292
115,97324
185,97356
107,97388
0,97420
185,97452
0,97484
0,97516
152,97548
0,97580
0,97612
119,97644
0,97676
105,97708
0,97740
0,97772
0,97804
0,97836
233,97868
173,97900
0,97932
169,97964
0,97996
0,98028
169,98060
0,98092
219,98124
0,98156
215,98188
173,98220
103,98252
169,98284
168,98316
163,98348
166,98380
132,98412
167,98444
125,98476
103,98508
125,98540
99,98572
0,98604
102,98636
0,98668
0,98700
0,98732
0,98764
0,98796
0,98828
0,98860
0,98892
0,98924
0,98956
183,98988
0,99020
187,99052
0,99084
183,99116
155,99148
0,99180
151,99212
151,99244
0,99276
151,99308
109,99340
185,99372
119,99404
0,99436
153,99468
0,99500
0,99532
119,99564
0,99596
107,99628
119,99660
0,99692
0,99724
0,99756
0,99788
0,99820
0,99852
237,99884
0,99916
0,99948
169,99980
0,100012
0,100044
0,100076
0,100108
215,100140
103,100172
213,100204
171,100236
215,100268
165,100300
132,100332
167,100364
122,100396
103,100428
124,100460
101,100492
103,100524
91,100556
101,100588
0,100620
99,100652
0,100684
0,100716
0,100748
0,100780
0,100812
0,100844
0,100876
0,100908
0,100940
0,100972
0,101004
171,101036
187,101068
0,101100
183,101132
155,101164
0,101196
149,101228
119,101260
0,101292
108,101324
0,101356
183,101388
0,101420
0,101452
152,101484
0,101516
0,101548
119,101580
0,101612
107,101644
0,101676
0,101708
0,101740
0,101772
235,101804
0,101836
0,101868
171,101900
0,101932
0,101964
0,101996
0,102028
215,102060
133,102092
215,102124
169,102156
215,102188
169,102220
168,102252
163,102284
170,102316
135,102348
158,102380
133,102412
101,102444
123,102476
93,102508
0,102540
101,102572
0,102604
0,102636
0,102668
0,102700
0,102732
0,102764
0,102796
0,102828
0,102860
0,102892
185,102924
0,102956
187,102988
0,103020
183,103052
153,103084
0,103116
149,103148
152,103180
107,103212
149,103244
117,103276
183,103308
109,103340
0,103372
153,103404
0,103436
0,103468
119,103500
0,103532
0,103564
117,103596
0,103628
109,103660
0,103692
0,103724
0,103756
0,103788
231,103820
0,103852
0,103884
0,103916
0,103948
0,103980
134,104012
0,104044
217,104076
0,104108
217,104140
169,104172
215,104204
169,104236
124,104268
165,104300
134,104332
102,104364
124,104396
91,104428
101,104460
100,104492
101,104524
0,104556
99,104588
0,104620
0,104652
0,104684
0,104716
0,104748
0,104780
0,104812
0,104844
0,104876
0,104908
0,104940
179,104972
187,105004
0,105036
185,105068
155,105100
107,105132
153,105164
110,105196
185,105228
108,105260
0,105292
183,105324
0,105356
0,105388
151,105420
0,105452
0,105484
119,105516
0,105548
108,105580
0,105612
0,105644
0,105676
0,105708
237,105740
173,105772
0,105804
173,105836
0,105868
0,105900
171,105932
0,105964
215,105996
0,106028
215,106060
171,106092
212,106124
169,106156
170,106188
167,106220
170,106252
125,106284
158,106316
131,106348
102,106380
131,106412
91,106444
0,106476
93,106508
0,106540
0,106572
0,106604
0,106636
0,106668
0,106700
0,106732
0,106764
0,106796
0,106828
181,106860
0,106892
183,106924
0,106956
183,106988
153,107020
149,107052
151,107084
151,107116
0,107148
148,107180
117,107212
185,107244
109,107276
0,107308
153,107340
0,107372
0,107404
117,107436
0,107468
119,107500
119,107532
0,107564
105,107596
0,107628
0,107660
217,107692
0,107724
237,107756
0,107788
0,107820
171,107852
0,107884
0,107916
0,107948
0,107980
215,108012
103,108044
213,108076
0,108108
217,108140
169,108172
124,108204
167,108236
124,108268
92,108300
124,108332
93,108364
101,108396
103,108428
99,108460
0,108492
99,108524
0,108556
0,108588
0,108620
0,108652
0,108684
0,108716
0,108748
0,108780
0,108812
0,108844
0,108876
179,108908
195,108940
143,108972
183,109004
153,109036
0,109068
153,109100
119,109132
185,109164
110,109196
0,109228
184,109260
0,109292
0,109324
152,109356
0,109388
139,109420
120,109452
0,109484
105,109516
0,109548
0,109580
215,109612
0,109644
233,109676
0,109708
0,109740
171,109772
0,109804
0,109836
0,109868
0,109900
215,109932
133,109964
215,109996
173,110028
211,110060
169,110092
170,110124
167,110156
168,110188
134,110220
164,110252
123,110284
101,110316
123,110348
92,110380
0,110412
93,110444
0,110476
0,110508
0,110540
0,110572
0,110604
0,110636
0,110668
0,110700
0,110732
0,110764
0,110796
0,110828
187,110860
139,110892
181,110924
153,110956
0,110988
153,111020
152,111052
0,111084
151,111116
117,111148
183,111180
107,111212
0,111244
155,111276
0,111308
0,111340
119,111372
0,111404
0,111436
118,111468
0,111500
0,111532
0,111564
0,111596
0,111628
0,111660
237,111692
0,111724
0,111756
0,111788
0,111820
0,111852
136,111884
0,111916
215,111948
0,111980
213,112012
171,112044
217,112076
169,112108
133,112140
165,112172
126,112204
103,112236
135,112268
91,112300
101,112332
99,112364
101,112396
0,112428
99,112460
0,112492
0,112524
0,112556
0,112588
0,112620
0,112652
0,112684
101,112716
0,112748
0,112780
183,112812
173,112844
187,112876
0,112908
173,112940
153,112972
0,113004
153,113036
116,113068
185,113100
105,113132
0,113164
183,113196
0,113228
0,113260
151,113292
0,113324
0,113356
119,113388
0,113420
0,113452
0,113484
0,113516
0,113548
0,113580
235,113612
0,113644
0,113676
173,113708
0,113740
0,113772
169,113804
0,113836
215,113868
0,113900
215,113932
169,113964
215,113996
169,114028
170,114060
0,114092
168,114124
123,114156
168,114188
131,114220
103,114252
123,114284
101,114316
0,114348
91,114380
0,114412
0,114444
0,114476
0,114508
0,114540
0,114572
0,114604
99,114636
0,114668
0,114700
181,114732
0,114764
187,114796
0,114828
181,114860
155,114892
0,114924
151,114956
155,114988
0,115020
151,115052
117,115084
185,115116
107,115148
0,115180
153,115212
0,115244
0,115276
119,115308
0,115340
0,115372
119,115404
0,115436
107,115468
0,115500
0,115532
0,115564
0,115596
237,115628
0,115660
0,115692
169,115724
0,115756
0,115788
0,115820
0,115852
215,115884
103,115916
215,115948
171,115980
103,116012
169,116044
132,116076
165,116108
134,116140
101,116172
124,116204
93,116236
103,116268
91,116300
101,116332
0,116364
100,116396
0,116428
0,116460
0,116492
0,116524
0,116556
0,116588
0,116620
0,116652
0,116684
0,116716
0,116748
179,116780
185,116812
0,116844
183,116876
153,116908
0,116940
150,116972
117,117004
185,117036
107,117068
0,117100
185,117132
0,117164
0,117196
151,117228
0,117260
0,117292
115,117324
0,117356
109,117388
0,117420
0,117452
0,117484
0,117516
233,117548
0,117580
0,117612
169,117644
0,117676
0,117708
0,117740
0,117772
215,117804
135,117836
215,117868
169,117900
101,117932
167,117964
170,117996
165,118028
168,118060
135,118092
166,118124
135,118156
100,118188
121,118220
101,118252
0,118284
91,118316
0,118348
0,118380
0,118412
0,118444
0,118476
0,118508
0,118540
0,118572
0,118604
0,118636
0,118668
0,118700
187,118732
0,118764
181,118796
153,118828
0,118860
151,118892
152,118924
0,118956
149,118988
117,119020
183,119052
109,119084
0,119116
153,119148
0,119180
0,119212
119,119244
0,119276
0,119308
117,119340
0,119372
109,119404
0,119436
0,119468
0,119500
0,119532
235,119564
0,119596
0,119628
0,119660
0,119692
0,119724
135,119756
0,119788
217,119820
101,119852
217,119884
169,119916
215,119948
169,119980
134,120012
165,120044
134,120076
100,120108
0,120140
91,120172
101,120204
90,120236
101,120268
0,120300
99,120332
0,120364
0,120396
0,120428
0,120460
0,120492
0,120524
0,120556
100,120588
0,120620
0,120652
0,120684
171,120716
185,120748
0,120780
173,120812
153,120844
0,120876
151,120908
119,120940
185,120972
107,121004
0,121036
185,121068
0,121100
0,121132
151,121164
0,121196
0,121228
119,121260
0,121292
107,121324
0,121356
0,121388
0,121420
0,121452
235,121484
0,121516
0,121548
173,121580
0,121612
0,121644
170,121676
0,121708
215,121740
135,121772
215,121804
169,121836
211,121868
169,121900
170,121932
165,121964
169,121996
133,122028
166,122060
123,122092
101,122124
122,122156
100,122188
0,122220
89,122252
0,122284
0,122316
0,122348
0,122380
0,122412
0,122444
0,122476
100,122508
0,122540
0,122572
181,122604
0,122636
187,122668
0,122700
183,122732
157,122764
0,122796
151,122828
152,122860
0,122892
151,122924
119,122956
183,122988
109,123020
0,123052
153,123084
0,123116
0,123148
117,123180
0,123212
106,123244
109,123276
0,123308
109,123340
0,123372
0,123404
0,123436
0,123468
245,123500
0,123532
0,123564
173,123596
0,123628
0,123660
136,123692
0,123724
217,123756
103,123788
217,123820
169,123852
213,123884
167,123916
135,123948
165,123980
126,124012
101,124044
124,124076
92,124108
101,124140
0,124172
101,124204
0,124236
101,124268
0,124300
0,124332
0,124364
0,124396
0,124428
0,124460
0,124492
0,124524
0,124556
0,124588
0,124620
179,124652
185,124684
0,124716
185,124748
153,124780
107,124812
151,124844
107,124876
185,124908
108,124940
0,124972
183,125004
0,125036
0,125068
154,125100
0,125132
140,125164
119,125196
0,125228
108,125260
0,125292
0,125324
0,125356
0,125388
247,125420
173,125452
0,125484
171,125516
0,125548
0,125580
173,125612
0,125644
215,125676
135,125708
215,125740
171,125772
215,125804
169,125836
180,125868
165,125900
168,125932
135,125964
166,125996
135,126028
101,126060
0,126092
98,126124
0,126156
93,126188
0,126220
0,126252
0,126284
0,126316
0,126348
0,126380
0,126412
0,126444
0,126476
0,126508
0,126540
0,126572
187,126604
0,126636
183,126668
153,126700
140,126732
151,126764
152,126796
0,126828
151,126860
119,126892
185,126924
108,126956
0,126988
153,127020
0,127052
0,127084
119,127116
0,127148
0,127180
118,127212
0,127244
109,127276
0,127308
0,127340
217,127372
0,127404
237,127436
0,127468
0,127500
171,127532
0,127564
0,127596
134,127628
0,127660
215,127692
0,127724
213,127756
171,127788
217,127820
169,127852
135,127884
165,127916
124,127948
101,127980
0,128012
100,128044
101,128076
93,128108
99,128140
0,128172
101,128204
0,128236
0,128268
0,128300
0,128332
0,128364
0,128396
0,128428
91,128460
0,128492
0,128524
0,128556
172,128588
187,128620
141,128652
183,128684
157,128716
0,128748
151,128780
119,128812
185,128844
109,128876
0,128908
184,128940
0,128972
0,129004
152,129036
0,129068
0,129100
119,129132
0,129164
110,129196
0,129228
0,129260
215,129292
0,129324
235,129356
0,129388
0,129420
173,129452
0,129484
0,129516
170,129548
0,129580
215,129612
0,129644
215,129676
171,129708
215,129740
169,129772
168,129804
165,129836
168,129868
133,129900
0,129932
131,129964
101,129996
131,130028
93,130060
0,130092
93,130124
0,130156
0,130188
0,130220
0,130252
0,130284
0,130316
0,130348
101,130380
0,130412
0,130444
183,130476
0,130508
187,130540
141,130572
183,130604
155,130636
0,130668
153,130700
151,130732
0,130764
151,130796
109,130828
185,130860
109,130892
0,130924
155,130956
0,130988
0,131020
119,131052
0,131084
108,131116
110,131148
0,131180
0,131212
0,131244
0,131276
0,131308
0,131340
237,131372
0,131404
0,131436
169,131468
0,131500
0,131532
0,131564
0,131596
215,131628
104,131660
101,131692
171,131724
213,131756
169,131788
133,131820
0,131852
134,131884
103,131916
132,131948
103,131980
101,132012
93,132044
101,132076
0,132108
99,132140
213,132172
0,132204
0,132236
0,132268
0,132300
0,132332
0,132364
0,132396
0,132428
0,132460
185,132492
181,132524
185,132556
0,132588
173,132620
153,132652
0,132684
143,132716
119,132748
185,132780
109,132812
0,132844
183,132876
0,132908
0,132940
153,132972
0,133004
140,133036
119,133068
0,133100
0,133132
0,133164
0,133196
0,133228
0,133260
235,133292
0,133324
0,133356
173,133388
0,133420
0,133452
0,133484
0,133516
215,133548
133,133580
215,133612
169,133644
215,133676
169,133708
170,133740
0,133772
168,133804
133,133836
166,133868
131,133900
103,133932
123,133964
99,133996
0,134028
100,134060
0,134092
0,134124
0,134156
0,134188
0,134220
0,134252
0,134284
0,134316
0,134348
0,134380
181,134412
0,134444
187,134476
0,134508
181,134540
153,134572
0,134604
149,134636
156,134668
0,134700
148,134732
109,134764
185,134796
109,134828
0,134860
152,134892
0,134924
0,134956
110,134988
0,135020
0,135052
119,135084
0,135116
107,135148
0,135180
0,135212
0,135244
0,135276
237,135308
0,135340
0,135372
0,135404
0,135436
0,135468
135,135500
0,135532
217,135564
0,135596
215,135628
169,135660
105,135692
173,135724
124,135756
167,135788
134,135820
103,135852
130,135884
100,135916
102,135948
91,135980
101,136012
0,136044
100,136076
0,136108
0,136140
0,136172
0,136204
0,136236
0,136268
0,136300
0,136332
0,136364
0,136396
0,136428
181,136460
187,136492
0,136524
183,136556
153,136588
0,136620
155,136652
119,136684
185,136716
110,136748
0,136780
181,136812
0,136844
0,136876
153,136908
0,136940
0,136972
120,137004
0,137036
106,137068
0,137100
0,137132
0,137164
0,137196
247,137228
0,137260
0,137292
171,137324
0,137356
0,137388
171,137420
0,137452
215,137484
0,137516
215,137548
169,137580
103,137612
171,137644
168,137676
167,137708
168,137740
133,137772
164,137804
125,137836
103,137868
121,137900
93,137932
0,137964
101,137996
0,138028
0,138060
0,138092
0,138124
0,138156
0,138188
0,138220
0,138252
0,138284
0,138316
181,138348
0,138380
187,138412
0,138444
173,138476
155,138508
0,138540
151,138572
151,138604
0,138636
141,138668
117,138700
185,138732
117,138764
0,138796
155,138828
0,138860
0,138892
120,138924
0,138956
109,138988
117,139020
0,139052
108,139084
0,139116
0,139148
0,139180
0,139212
235,139244
0,139276
0,139308
169,139340
0,139372
0,139404
0,139436
135,139468
217,139500
103,139532
213,139564
171,139596
215,139628
169,139660
132,139692
165,139724
134,139756
105,139788
124,139820
101,139852
101,139884
91,139916
99,139948
0,139980
101,140012
0,140044
0,140076
0,140108
0,140140
0,140172
0,140204
0,140236
0,140268
0,140300
0,140332
0,140364
179,140396
185,140428
0,140460
183,140492
153,140524
0,140556
153,140588
116,140620
0,140652
108,140684
0,140716
185,140748
0,140780
0,140812
155,140844
0,140876
148,140908
115,140940
0,140972
109,141004
0,141036
0,141068
0,141100
0,141132
235,141164
0,141196
0,141228
171,141260
168,141292
0,141324
0,141356
0,141388
215,141420
