f_hz,d_crudo_m,d_cal_m,mag,db_pantalla,db_norm
# GPRv2 - FFT de una captura de vivo_rapido.py
# col f_hz = frecuencia de batido [Hz], centro del bin
# col d_crudo_m = distancia aparente SIN calibrar [m] = f*c/(2*alpha0); es la que usa simulaciones_meep/
# col d_cal_m = distancia calibrada [m] = cal_a*d_crudo + cal_b; igual a d_crudo si no hay calibracion
# col mag = |FFT| lineal de la curva que se esta viendo: promedio de las ultimas 'rampas_en_fila' rampas, con el fondo ya restado si habia fondo
# col db_pantalla = la misma curva en dB, exactamente como en la pantalla (ver que_es_0db), en todo el eje
# col db_norm = 20*log10(mag / max(mag)): 0 dB en el maximo de la propia curva, para superponer con una simulacion
# fecha = 28-09-2026 18:04:17
# png = placa_90cm_cf.png
# corrida = captura_28-09-2026_18-02-40.csv
# tprf_ms = 100.0050
# rampa_ms = 50.0025
# muestras_por_rampa = 300
# fs_sps = 6000.0
# fs_theta_sps = 5993.3537
# nfft = 2400
# relleno = 8
# ventana_fft = hann
# correccion_no_linealidad = remuestreo cubico en theta (curva del VCO)
# bw_mhz = 1039.595
# v_min_v = 0.0
# v_max_v = 3.0
# alpha0_hz_s = 2.079191e+10
# hz_por_m = 138.6127
# bin_resolucion_cm = 14.43
# rampas_en_fila = 8
# rampas_por_fila_pedidas = 8
# ventana_s = 20.0
# eje_en_pantalla = Hz
# alcance_m = 5.0
# ignorar_m = 0.3
# cal_a = 1.000000
# cal_b = +0.000000
# calibrada = no
# fondo = sin medir
# que_es_0db = maximo de la matriz visible (sin fondo medido)
# ref_0db_lineal = 1.254065e+08
# margen_db = 6.0
# energia_sobre_fondo_db = -
# hay_blanco = si
# pico_promedio_s = 2.0
# pico_crudo_m = 3.5648
# pico_cal_m = 3.5648
# pico_hz = 494.13
# triangular_saturada_pct = 5.1
0,0,0,5448595.5,-27.2407112,-26.9946766
2.49723072,0.0180158859,0.0180158859,5468062.5,-27.2097321,-26.9636993
4.99446143,0.0360317717,0.0360317717,5520889.5,-27.1262188,-26.880188
7.49169215,0.0540476576,0.0540476576,5591489.5,-27.0158501,-26.7698174
9.98892287,0.0720635434,0.0720635434,5657065.5,-26.9145775,-26.6685448
12.4861536,0.0900794293,0.0900794293,5691080,-26.8625069,-26.6164761
14.9833843,0.108095315,0.108095315,5666809.5,-26.8996277,-26.653595
17.480615,0.126111201,0.126111201,5561016.5,-27.0633163,-26.8172855
19.9778457,0.144127087,0.144127087,5358115.5,-27.3861599,-27.1401253
22.4750765,0.162142973,0.162142973,5055526.5,-27.8910732,-27.6450386
24.9723072,0.180158859,0.180158859,4671941,-28.5764542,-28.3304214
27.4695379,0.198174744,0.198174744,4262787,-29.3725281,-29.1264954
29.9667686,0.21619063,0.21619063,3951002.5,-30.0322552,-29.7862225
32.4639993,0.234206516,0.234206516,3950788,-30.0327282,-29.7866936
34.96123,0.252222402,0.252222402,4428394.5,-29.0414734,-28.7954426
37.4584608,0.270238288,0.270238288,5317585.5,-27.4521103,-27.2060776
39.9556915,0.288254174,0.288254174,6472661.5,-25.7447433,-25.4987106
42.4529222,0.30627006,0.30627006,7783443.5,-24.1429672,-23.8969326
44.9501529,0.324285946,0.324285946,9166644,-22.7221947,-22.47616
47.4473836,0.342301831,0.342301831,10552374,-21.4993973,-21.2533646
49.9446143,0.360317717,0.360317717,11879122,-20.4707146,-20.2246819
52.4418451,0.378333603,0.378333603,13092191,-19.6261559,-19.3801212
54.9390758,0.396349489,0.396349489,14143573,-18.9552193,-18.7091846
57.4363065,0.414365375,0.414365375,14992615,-18.4488525,-18.2028217
59.9335372,0.432381261,0.432381261,15607122,-18.0999451,-17.8539124
62.4307679,0.450397147,0.450397147,15964628,-17.9032249,-17.6571922
64.9279987,0.468413032,0.468413032,16053576,-17.8549652,-17.6089325
67.4252294,0.486428918,0.486428918,15874150,-17.9525928,-17.7065582
69.9224601,0.504444804,0.504444804,15438525,-18.1942844,-17.9482517
72.4196908,0.52246069,0.52246069,14770292,-18.5786209,-18.3325863
74.9169215,0.540476576,0.540476576,13902983,-19.1042404,-18.8582077
77.4141522,0.558492462,0.558492462,12877622,-19.7696877,-19.5236549
79.911383,0.576508348,0.576508348,11739494,-20.5734138,-20.3273811
82.4086137,0.594524233,0.594524233,10534262,-21.5143185,-21.2682877
84.9058444,0.612540119,0.612540119,9303909,-22.5930939,-22.3470592
87.4030751,0.630556005,0.630556005,8082905,-23.815052,-23.5690193
89.9003058,0.648571891,0.648571891,6895226.5,-25.1954308,-24.949398
92.3975365,0.666587777,0.666587777,5752723.5,-26.7689304,-26.5228996
94.8947673,0.684603663,0.684603663,4655337.5,-28.607378,-28.3613434
97.391998,0.702619549,0.702619549,3593215.25,-30.8567352,-30.6107044
99.8892287,0.720635434,0.720635434,2550341,-33.8344345,-33.5884018
102.386459,0.73865132,0.73865132,1509715.5,-38.3884964,-38.1424675
104.88369,0.756667206,0.756667206,828721.562,-43.5982285,-43.3521957
107.380921,0.774683092,0.774683092,945025.938,-42.4575272,-42.2114944
109.878152,0.792698978,0.792698978,1873375,-36.5139084,-36.2678757
112.375382,0.810714864,0.810714864,3064397,-32.239502,-31.9934673
114.872613,0.82873075,0.82873075,4328011.5,-29.2406349,-28.9946003
117.369844,0.846746636,0.846746636,5649137.5,-26.9267578,-26.6807251
119.867074,0.864762521,0.864762521,7012687.5,-25.0487118,-24.8026772
122.364305,0.882778407,0.882778407,8396462,-23.4844761,-23.2384415
124.861536,0.900794293,0.900794293,9771017,-22.1676064,-21.9215736
127.358767,0.918810179,0.918810179,11101625,-21.05867,-20.8126373
129.855997,0.936826065,0.936826065,12351655,-20.131897,-19.8858662
132.353228,0.954841951,0.954841951,13486920,-19.368145,-19.1221123
134.850459,0.972857837,0.972857837,14480406,-18.7507858,-18.5047531
137.347689,0.990873722,0.990873722,15316630,-18.2631378,-18.0171032
139.84492,1.00888961,1.00888961,15994886,-17.8867779,-17.6407452
142.342151,1.02690549,1.02690549,16530455,-17.6007061,-17.3546715
144.839382,1.04492138,1.04492138,16953014,-17.3814621,-17.1354313
147.336612,1.06293727,1.06293727,17301626,-17.2046642,-16.9586296
149.833843,1.08095315,1.08095315,17616502,-17.048008,-16.8019753
152.331074,1.09896904,1.09896904,17928786,-16.8953838,-16.6493511
154.828304,1.11698492,1.11698492,18251158,-16.740593,-16.4945583
157.325535,1.13500081,1.13500081,18572324,-16.589077,-16.3430424
159.822766,1.1530167,1.1530167,18857608,-16.4566689,-16.2106361
162.319997,1.17103258,1.17103258,19055296,-16.366087,-16.1200542
164.817227,1.18904847,1.18904847,19106298,-16.3428707,-16.096838
167.314458,1.20706435,1.20706435,18954196,-16.4122944,-16.1662598
169.811689,1.22508024,1.22508024,18553480,-16.5978928,-16.35186
172.308919,1.24309612,1.24309612,17875086,-16.9214401,-16.6754055
174.80615,1.26111201,1.26111201,16909116,-17.4039822,-17.1579514
177.303381,1.2791279,1.2791279,15665135,-18.0677185,-17.8216858
179.800612,1.29714378,1.29714378,14170546,-18.9386692,-18.6926365
182.297842,1.31515967,1.31515967,12467542,-20.0507832,-19.8047523
184.795073,1.33317555,1.33317555,10609193,-21.4527531,-21.2067223
187.292304,1.35119144,1.35119144,8655239,-23.2208214,-22.9747868
189.789535,1.36920733,1.36920733,6668425.5,-25.4859352,-25.2399025
192.286765,1.38722321,1.38722321,4713398,-28.4997177,-28.2536869
194.783996,1.4052391,1.4052391,2867759.75,-32.8155479,-32.5695114
197.281227,1.42325498,1.42325498,1343508.88,-39.4015923,-39.1555557
199.778457,1.44127087,1.44127087,1301864.25,-39.675087,-39.4290543
202.275688,1.45928675,1.45928675,2527497,-33.9125862,-33.6665573
204.772919,1.47730264,1.47730264,3797637.25,-30.3761311,-30.1300983
207.27015,1.49531853,1.49531853,4938311.5,-28.0948334,-27.8487988
209.76738,1.51333441,1.51333441,5924106,-26.5139427,-26.2679119
212.264611,1.5313503,1.5313503,6751587,-25.3782845,-25.1322517
214.761842,1.54936618,1.54936618,7422494.5,-24.5554047,-24.30937
217.259072,1.56738207,1.56738207,7939548,-23.9704857,-23.724453
219.756303,1.58539796,1.58539796,8305847,-23.578722,-23.3326893
222.253534,1.60341384,1.60341384,8526357,-23.3511314,-23.1050968
224.750765,1.62142973,1.62142973,8611092,-23.2652359,-23.0192032
227.247995,1.63944561,1.63944561,8579767,-23.2968903,-23.0508595
229.745226,1.6574615,1.6574615,8467705,-23.4110851,-23.1650543
232.242457,1.67547739,1.67547739,8332122,-23.5512886,-23.3052559
234.739687,1.69349327,1.69349327,8256071,-23.6309338,-23.3848991
237.236918,1.71150916,1.71150916,8343093.5,-23.5398598,-23.2938271
239.734149,1.72952504,1.72952504,8693341,-23.1826668,-22.9366341
242.23138,1.74754093,1.74754093,9365581,-22.5357056,-22.2896748
244.72861,1.76555681,1.76555681,10354415,-21.6638908,-21.4178562
247.225841,1.7835727,1.7835727,11601943,-20.6757851,-20.4297543
249.723072,1.80158859,1.80158859,13024956,-19.6708755,-19.4248428
252.220302,1.81960447,1.81960447,14535110,-18.7180347,-18.472002
254.717533,1.83762036,1.83762036,16048558,-17.8576813,-17.6116486
257.214764,1.85563624,1.85563624,17489648,-17.1107788,-16.8647461
259.711995,1.87365213,1.87365213,18792278,-16.4868126,-16.2407799
262.209225,1.89166802,1.89166802,19900472,-15.9891329,-15.7431011
264.706456,1.9096839,1.9096839,20768596,-15.6182585,-15.3722267
267.203687,1.92769979,1.92769979,21361360,-15.3738232,-15.1277905
269.700917,1.94571567,1.94571567,21653610,-15.2557955,-15.0097618
272.198148,1.96373156,1.96373156,21630048,-15.2652512,-15.0192184
274.695379,1.98174744,1.98174744,21285100,-15.4048872,-15.1588535
277.19261,1.99976333,1.99976333,20623280,-15.6792459,-15.4332142
279.68984,2.01777922,2.01777922,19660438,-16.0945377,-15.8485041
282.187071,2.0357951,2.0357951,18426578,-16.6575069,-16.4114742
284.684302,2.05381099,2.05381099,16971160,-17.3721714,-17.1261368
287.181532,2.07182687,2.07182687,15372467,-18.2315292,-17.9854965
289.678763,2.08984276,2.08984276,13753151,-19.1983566,-18.9523239
292.175994,2.10785865,2.10785865,12302307,-20.1666679,-19.9206371
294.673225,2.12587453,2.12587453,11290651,-20.9120216,-20.6659889
297.170455,2.14389042,2.14389042,11025578,-21.1183739,-20.8723412
299.667686,2.1619063,2.1619063,11689154,-20.6107407,-20.364706
302.164917,2.17992219,2.17992219,13200132,-19.5548363,-19.3088036
304.662148,2.19793808,2.19793808,15308087,-18.2679825,-18.0219498
307.159378,2.21595396,2.21595396,17761644,-16.976738,-16.7307053
309.656609,2.23396985,2.23396985,20372148,-15.7856646,-15.5396318
312.15384,2.25198573,2.25198573,23009214,-14.7283649,-14.4823322
314.65107,2.27000162,2.27000162,25584028,-13.8070221,-13.5609903
317.148301,2.2880175,2.2880175,28036462,-13.0119371,-12.7659035
319.645532,2.30603339,2.30603339,30326592,-12.3299294,-12.0838966
322.142763,2.32404928,2.32404928,32428820,-11.7477789,-11.5017452
324.639993,2.34206516,2.34206516,34327368,-11.2535915,-11.0075579
327.137224,2.36008105,2.36008105,36012572,-10.8373175,-10.5912857
329.634455,2.37809693,2.37809693,37477968,-10.49088,-10.2448473
332.131685,2.39611282,2.39611282,38718100,-10.2081203,-9.96208763
334.628916,2.41412871,2.41412871,39727384,-9.98460197,-9.73856831
337.126147,2.43214459,2.43214459,40500148,-9.81726933,-9.57123661
339.623378,2.45016048,2.45016048,41031816,-9.70398712,-9.45795345
342.120608,2.46817636,2.46817636,41321168,-9.6429491,-9.39691639
344.617839,2.48619225,2.48619225,41373404,-9.63197613,-9.38594341
347.11507,2.50420813,2.50420813,41203508,-9.66771698,-9.42168427
349.6123,2.52222402,2.52222402,40839340,-9.74482727,-9.49879456
352.109531,2.54023991,2.54023991,40323564,-9.8552227,-9.60918999
354.606762,2.55825579,2.55825579,39713660,-9.98760319,-9.74157047
357.103993,2.57627168,2.57627168,39079032,-10.1275253,-9.88149261
359.601223,2.59428756,2.59428756,38494928,-10.2583313,-10.0122976
362.098454,2.61230345,2.61230345,38033444,-10.3630877,-10.1170549
364.595685,2.63031934,2.63031934,37753300,-10.4273033,-10.1812696
367.092915,2.64833522,2.64833522,37691316,-10.4415751,-10.1955423
369.590146,2.66635111,2.66635111,37858644,-10.4031,-10.1570683
372.087377,2.68436699,2.68436699,38243412,-10.3152676,-10.0692358
374.584608,2.70238288,2.70238288,38819204,-10.1854687,-9.93943596
377.081838,2.72039877,2.72039877,39556352,-10.0220766,-9.77604294
379.579069,2.73841465,2.73841465,40432644,-9.8317585,-9.58572483
382.0763,2.75643054,2.75643054,41440764,-9.61784649,-9.37181377
384.57353,2.77444642,2.77444642,42591068,-9.38003063,-9.13399792
387.070761,2.79246231,2.79246231,43910056,-9.11512184,-8.86908913
389.567992,2.81047819,2.81047819,45435468,-8.81850147,-8.5724678
392.065223,2.82849408,2.82849408,47209384,-8.48583412,-8.23980141
394.562453,2.84650997,2.84650997,49270616,-8.11464214,-7.86860847
397.059684,2.86452585,2.86452585,51647092,-7.70548344,-7.45945072
399.556915,2.88254174,2.88254174,54348496,-7.26265049,-7.01661777
402.054145,2.90055762,2.90055762,57359548,-6.79428673,-6.54825306
404.551376,2.91857351,2.91857351,60634076,-6.31206608,-6.06603336
407.048607,2.9365894,2.9365894,64091108,-5.83044577,-5.58441257
409.545838,2.95460528,2.95460528,67613960,-5.36567307,-5.11964083
412.043068,2.97262117,2.97262117,71053672,-4.93467093,-4.68863773
414.540299,2.99063705,2.99063705,74237408,-4.55394554,-4.30791235
417.03753,3.00865294,3.00865294,76982112,-4.23860455,-3.99257207
419.534761,3.02666882,3.02666882,79112440,-4.00150537,-3.75547218
422.031991,3.04468471,3.04468471,80481712,-3.85245681,-3.60642385
424.529222,3.0627006,3.0627006,80994256,-3.79731679,-3.55128384
427.026453,3.08071648,3.08071648,80626272,-3.83686996,-3.59083652
429.523683,3.09873237,3.09873237,79442760,-3.96531463,-3.71928215
432.020914,3.11674825,3.11674825,77605944,-4.16850138,-3.92246866
434.518145,3.13476414,3.13476414,75369824,-4.42245102,-4.1764183
437.015376,3.15278003,3.15278003,73053192,-4.69361687,-4.44758415
439.512606,3.17079591,3.17079591,70985120,-4.94305515,-4.69702148
442.009837,3.1888118,3.1888118,69425104,-5.13607073,-4.89003754
444.507068,3.20682768,3.20682768,68479280,-5.25521803,-5.00918436
447.004298,3.22484357,3.22484357,68051760,-5.30961323,-5.06358099
449.501529,3.24285946,3.24285946,67863752,-5.33364391,-5.0876112
451.99876,3.26087534,3.26087534,67537024,-5.37556267,-5.12952995
454.495991,3.27889123,3.27889123,66707312,-5.48293209,-5.23689938
456.993221,3.29690711,3.29690711,65135068,-5.69010353,-5.44407129
459.490452,3.314923,3.314923,62802888,-6.00680828,-5.76077557
461.987683,3.33293888,3.33293888,60002384,-6.40303135,-6.15699816
464.484913,3.35095477,3.35095477,57397496,-6.78854227,-6.54250908
466.982144,3.36897066,3.36897066,55988360,-7.00444651,-6.75841331
469.479375,3.38698654,3.38698654,56839856,-6.87334156,-6.62730885
471.976606,3.40500243,3.40500243,60599032,-6.31708717,-6.07105446
474.473836,3.42301831,3.42301831,67170120,-5.42287922,-5.17684555
476.971067,3.4410342,3.4410342,75824088,-4.37025738,-4.12422419
479.468298,3.45905009,3.45905009,85554176,-3.32157731,-3.07554388
481.965528,3.47706597,3.47706597,95365608,-2.37856555,-2.13253284
484.462759,3.49508186,3.49508186,104405848,-1.59190488,-1.34587181
486.95999,3.51309774,3.51309774,111997928,-0.982201457,-0.736168623
489.457221,3.53111363,3.53111363,117640368,-0.555273533,-0.309240997
491.954451,3.54912951,3.54912951,121000160,-0.310682088,-0.0646494627
494.451682,3.5671454,3.5671454,121904128,-0.246032864,0
496.948913,3.58516129,3.58516129,120328136,-0.359057665,-0.113024481
499.446143,3.60317717,3.60317717,116382560,-0.648642898,-0.402610064
501.943374,3.62119306,3.62119306,110293736,-1.11538398,-0.869351029
504.440605,3.63920894,3.63920894,102381424,-1.76197827,-1.51594508
506.937836,3.65722483,3.65722483,93033656,-2.59359956,-2.3475666
509.435066,3.67524072,3.67524072,82680128,-3.61837816,-3.37234592
511.932297,3.6932566,3.6932566,71765800,-4.84805059,-4.6020174
514.429528,3.71127249,3.71127249,60726112,-6.29889202,-6.05285883
516.926758,3.72928837,3.72928837,49965348,-7.99302292,-7.74698973
519.423989,3.74730426,3.74730426,39838872,-9.96026039,-9.71422768
521.92122,3.76532015,3.76532015,30640330,-12.2405329,-11.9945002
524.418451,3.78333603,3.78333603,22594560,-14.886323,-14.6402912
526.915681,3.80135192,3.80135192,15858472,-17.9611759,-17.7151413
529.412912,3.8193678,3.8193678,10537937,-21.5112896,-21.2652569
531.910143,3.83738369,3.83738369,6744017.5,-25.3880272,-25.1419945
534.407374,3.85539957,3.85539957,4671538,-28.5772038,-28.3311691
536.904604,3.87341546,3.87341546,4330825.5,-29.2349854,-28.9889545
539.401835,3.89143135,3.89143135,5219679,-27.6135254,-27.3674927
541.899066,3.90944723,3.90944723,6796108.5,-25.3211956,-25.075161
544.396296,3.92746312,3.92746312,8839003,-23.0383339,-22.7923031
546.893527,3.945479,3.945479,11258126,-20.9370785,-20.6910477
549.390758,3.96349489,3.96349489,13936908,-19.0830727,-18.8370399
551.887989,3.98151078,3.98151078,16723763,-17.4997215,-17.2536869
554.385219,3.99952666,3.99952666,19457184,-16.1848011,-15.9387684
556.88245,4.01754255,4.01754255,21987098,-15.1230431,-14.8770103
559.379681,4.03555843,4.03555843,24188872,-14.2940893,-14.0480566
561.876911,4.05357432,4.05357432,25972000,-13.6762924,-13.4302607
564.374142,4.0715902,4.0715902,27285074,-13.2478991,-13.0018654
566.871373,4.08960609,4.08960609,28117558,-12.9868498,-12.7408161
569.368604,4.10762198,4.10762198,28498496,-12.8699627,-12.62393
571.865834,4.12563786,4.12563786,28491694,-12.872036,-12.6260033
574.363065,4.14365375,4.14365375,28187096,-12.965394,-12.7193623
576.860296,4.16166963,4.16166963,27688068,-13.1205473,-12.8745155
579.357526,4.17968552,4.17968552,27095362,-13.3085022,-13.0624685
581.854757,4.19770141,4.19770141,26490252,-13.5046787,-13.258647
584.351988,4.21571729,4.21571729,25921400,-13.6932316,-13.4471989
586.849219,4.23373318,4.23373318,25400180,-13.8696651,-13.6236324
589.346449,4.25174906,4.25174906,24906498,-14.0401478,-13.7941151
591.84368,4.26976495,4.26976495,24402472,-14.2177248,-13.9716921
594.340911,4.28778084,4.28778084,23848532,-14.4171677,-14.1711349
596.838141,4.30579672,4.30579672,23217062,-14.6502571,-14.4042225
599.335372,4.32381261,4.32381261,22501020,-14.9223576,-14.6763239
601.832603,4.34182849,4.34182849,21717064,-15.2303791,-14.9843454
604.329834,4.35984438,4.35984438,20903982,-15.561821,-15.3157883
606.827064,4.37786026,4.37786026,20117288,-15.8950129,-15.6489792
609.324295,4.39587615,4.39587615,19421022,-16.2009602,-15.9549255
611.821526,4.41389204,4.41389204,18877418,-16.4475479,-16.2015171
614.318756,4.43190792,4.43190792,18535728,-16.6062088,-16.3601761
616.815987,4.44992381,4.44992381,18422042,-16.6596451,-16.4136124
619.313218,4.46793969,4.46793969,18532720,-16.6076183,-16.3615837
621.810449,4.48595558,4.48595558,18833324,-16.4678612,-16.2218285
624.307679,4.50397147,4.50397147,19263002,-16.2719212,-16.0258884
626.80491,4.52198735,4.52198735,19742244,-16.0584717,-15.8124371
629.302141,4.54000324,4.54000324,20181502,-15.8673325,-15.6212988
631.799371,4.55801912,4.55801912,20489204,-15.735899,-15.4898663
634.296602,4.57603501,4.57603501,20578834,-15.6979856,-15.4519539
636.793833,4.59405089,4.59405089,20375260,-15.784339,-15.5383053
639.291064,4.61206678,4.61206678,19820332,-16.0241833,-15.7781496
641.788294,4.63008267,4.63008267,18877552,-16.4474869,-16.2014542
644.285525,4.64809855,4.64809855,17535450,-17.0880623,-16.8420296
646.782756,4.66611444,4.66611444,15809321,-17.9881363,-17.7421036
649.279987,4.68413032,4.68413032,13741359,-19.2058067,-18.959774
651.777217,4.70214621,4.70214621,11399842,-20.8284225,-20.5823917
654.274448,4.7201621,4.7201621,8879644,-22.9984894,-22.7524567
656.771679,4.73817798,4.73817798,6312475.5,-25.9624081,-25.7163734
659.268909,4.75619387,4.75619387,3924575,-30.0905495,-29.8445148
661.76614,4.77420975,4.77420975,2358480,-34.5137558,-34.2677231
664.263371,4.79222564,4.79222564,3219068,-31.8117981,-31.5657654
666.760602,4.81024153,4.81024153,5085308.5,-27.8400536,-27.5940228
669.257832,4.82825741,4.82825741,6908304,-25.1789703,-24.9329395
671.755063,4.8462733,4.8462733,8481938,-23.3964996,-23.150465
674.252294,4.86428918,4.86428918,9737369,-22.1975689,-21.9515343
676.749524,4.88230507,4.88230507,10651812,-21.4179325,-21.1718979
679.246755,4.90032095,4.90032095,11226485,-20.961525,-20.7154922
681.743986,4.91833684,4.91833684,11477559,-20.7694092,-20.5233784
684.241217,4.93635273,4.93635273,11430654,-20.8049793,-20.5589466
686.738447,4.95436861,4.95436861,11116856,-21.0467625,-20.8007278
689.235678,4.9723845,4.9723845,10569919,-21.4849682,-21.2389355
691.732909,4.99040038,4.99040038,9824522,-22.1201725,-21.8741398
694.230139,5.00841627,5.00841627,8915469,-22.9635162,-22.7174854
696.72737,5.02643216,5.02643216,7877767,-24.0383377,-23.792305
699.224601,5.04444804,5.04444804,6747627.5,-25.383379,-25.1373463
701.721832,5.06246393,5.06246393,5565127.5,-27.0569,-26.8108654
704.219062,5.08047981,5.08047981,4381081,-29.1347771,-28.8887424
706.716293,5.0984957,5.0984957,3276085,-31.6592979,-31.4132652
709.213524,5.11651158,5.11651158,2402757.75,-34.3521996,-34.1061707
711.710754,5.13452747,5.13452747,1980008.75,-36.0330582,-35.7870255
714.207985,5.15254336,5.15254336,2179604.5,-35.1988487,-34.952816
716.705216,5.17055924,5.17055924,2913307.75,-32.6786728,-32.4326401
719.202447,5.18857513,5.18857513,3779272.75,-30.4182358,-30.1722031
721.699677,5.20659101,5.20659101,4608074.5,-28.6960106,-28.4499779
724.196908,5.2246069,5.2246069,5348141,-27.4023438,-27.1563129
726.694139,5.24262279,5.24262279,5985267.5,-26.4247303,-26.1786957
729.191369,5.26063867,5.26063867,6525955.5,-25.6735191,-25.4274864
731.6886,5.27865456,5.27865456,6993279.5,-25.0727844,-24.8267517
734.185831,5.29667044,5.29667044,7423901.5,-24.5537567,-24.3077259
736.683062,5.31468633,5.31468633,7862862.5,-24.0547867,-23.8087559
739.180292,5.33270222,5.33270222,8355117.5,-23.5273514,-23.2813168
741.677523,5.3507181,5.3507181,8934800,-22.9447021,-22.6986713
744.174754,5.36873399,5.36873399,9615096,-22.3073292,-22.0612946
746.671984,5.38674987,5.38674987,10382762,-21.6401443,-21.3941097
749.169215,5.40476576,5.40476576,11199986,-20.9820518,-20.7360191
751.666446,5.42278164,5.42278164,12012356,-20.3738384,-20.1278038
754.163677,5.44079753,5.44079753,12758882,-19.8501492,-19.6041145
756.660907,5.45881342,5.45881342,13380614,-19.4368801,-19.1908474
759.158138,5.4768293,5.4768293,13826589,-19.1520996,-18.9060669
761.655369,5.49484519,5.49484519,14057270,-19.0083809,-18.7623482
764.1526,5.51286107,5.51286107,14046090,-19.0152912,-18.7692604
766.64983,5.53087696,5.53087696,13779594,-19.181673,-18.9356403
769.147061,5.54889285,5.54889285,13256610,-19.5177517,-19.271719
771.644292,5.56690873,5.56690873,12486739,-20.0374203,-19.7913876
774.141522,5.58492462,5.58492462,11488477,-20.7611504,-20.5151196
776.638753,5.6029405,5.6029405,10287235,-21.7204285,-21.4743958
779.135984,5.62095639,5.62095639,8913528,-22.9654102,-22.7193756
781.633215,5.63897227,5.63897227,7401537,-24.5799637,-24.333931
784.130445,5.65698816,5.65698816,5788435,-26.7151794,-26.4691448
786.627676,5.67500405,5.67500405,4115308,-29.6783543,-29.4323196
789.124907,5.69301993,5.69301993,2434674.5,-34.2375832,-33.9915504
791.622137,5.71103582,5.71103582,916662,-42.7222137,-42.476181
794.119368,5.7290517,5.7290517,1456746.75,-38.6987228,-38.4526863
796.616599,5.74706759,5.74706759,2842886.75,-32.8912086,-32.6451797
799.11383,5.76508348,5.76508348,4279417.5,-29.338707,-29.0926762
801.61106,5.78309936,5.78309936,5606492,-26.9925766,-26.7465439
804.108291,5.80111525,5.80111525,6774481,-25.3488808,-25.1028461
806.605522,5.81913113,5.81913113,7753835.5,-24.1760712,-23.9300365
809.102752,5.83714702,5.83714702,8524638,-23.3528824,-23.1068497
811.599983,5.85516291,5.85516291,9075285,-22.8091965,-22.5631638
814.097214,5.87317879,5.87317879,9402810,-22.5012474,-22.2552147
816.594445,5.89119468,5.89119468,9513552,-22.3995476,-22.153513
819.091675,5.90921056,5.90921056,9423898,-22.4817886,-22.2357559
821.588906,5.92722645,5.92722645,9161053,-22.7274933,-22.4814606
824.086137,5.94524233,5.94524233,8763856,-23.1124973,-22.8664627
826.583367,5.96325822,5.96325822,8283468,-23.6021576,-23.3561249
829.080598,5.98127411,5.98127411,7783274.5,-24.1431541,-23.8971214
831.577829,5.99928999,5.99928999,7336138.5,-24.6570511,-24.4110184
834.07506,6.01730588,6.01730588,7015742,-25.0449295,-24.7988968
836.57229,6.03532176,6.03532176,6879363,-25.2154369,-24.9694042
839.069521,6.05333765,6.05333765,6946769.5,-25.1307449,-24.8847103
841.566752,6.07135354,6.07135354,7190154,-24.8316383,-24.5856056
844.063982,6.08936942,6.08936942,7545309.5,-24.4128609,-24.1668282
846.561213,6.10738531,6.10738531,7934379,-23.9761429,-23.7301083
849.058444,6.12540119,6.12540119,8284087,-23.6015091,-23.3554745
851.555675,6.14341708,6.14341708,8534382,-23.3429604,-23.0969257
854.052905,6.16143296,6.16143296,8640712,-23.2354088,-22.989378
856.550136,6.17944885,6.17944885,8573688,-23.3030491,-23.0570145
859.047367,6.19746474,6.19746474,8318033.5,-23.5659885,-23.3199539
861.544597,6.21548062,6.21548062,7871368,-24.0453949,-23.7993641
864.041828,6.23349651,6.23349651,7242964.5,-24.768074,-24.5220413
866.539059,6.25151239,6.25151239,6452399,-25.7719784,-25.5259438
869.03629,6.26952828,6.26952828,5528203.5,-27.1147194,-26.8686886
871.53352,6.28754417,6.28754417,4506804.5,-28.8890266,-28.6429958
874.030751,6.30556005,6.30556005,3432857.75,-31.2532845,-31.0072517
876.527982,6.32357594,6.32357594,2365037.25,-34.4896393,-34.2436066
879.025213,6.34159182,6.34159182,1406577.75,-39.0031281,-38.7570915
881.522443,6.35960771,6.35960771,914237.188,-42.745224,-42.4991913
884.019674,6.3776236,6.3776236,1459419.38,-38.6828003,-38.4367676
886.516905,6.39563948,6.39563948,2204370.25,-35.1007118,-34.8546753
889.014135,6.41365537,6.41365537,2894936,-32.7336197,-32.487587
891.511366,6.43167125,6.43167125,3465950.5,-31.1699524,-30.9239216
894.008597,6.44968714,6.44968714,3894876.75,-30.1565266,-29.9104919
896.505828,6.46770302,6.46770302,4177824,-29.5473976,-29.3013668
899.003058,6.48571891,6.48571891,4323601.5,-29.2494869,-29.0034561
901.500289,6.5037348,6.5037348,4351170.5,-29.1942787,-28.9482479
903.99752,6.52175068,6.52175068,4286902.5,-29.3235283,-29.0774956
906.49475,6.53976657,6.53976657,4160509.75,-29.5834713,-29.3374367
908.991981,6.55778245,6.55778245,4000143.25,-29.9248905,-29.6788578
911.489212,6.57579834,6.57579834,3828673,-30.3054352,-30.0594025
913.986443,6.59381423,6.59381423,3662643.25,-30.6905079,-30.4444771
916.483673,6.61183011,6.61183011,3512281.75,-31.0546131,-30.8085823
918.980904,6.629846,6.629846,3378891.75,-31.3909149,-31.1448822
921.478135,6.64786188,6.64786188,3250624.75,-31.7270641,-31.4810333
923.975365,6.66587777,6.66587777,3105362.25,-32.124157,-31.8781242
926.472596,6.68389365,6.68389365,2925533.5,-32.6422997,-32.3962669
928.969827,6.70190954,6.70190954,2718405,-33.280117,-33.0340881
931.467058,6.71992543,6.71992543,2535306.25,-33.8857918,-33.6397591
933.964288,6.73794131,6.73794131,2468806,-34.1166611,-33.8706284
936.461519,6.7559572,6.7559572,2574866.5,-33.7513046,-33.5052757
938.95875,6.77397308,6.77397308,2811531,-32.987545,-32.7415123
941.45598,6.79198897,6.79198897,3106116.75,-32.1220474,-31.8760128
943.953211,6.81000486,6.81000486,3398019.25,-31.3418846,-31.09585
946.450442,6.82802074,6.82802074,3632923,-30.7612782,-30.5152435
948.947673,6.84603663,6.84603663,3759375,-30.4640884,-30.2180557
951.444903,6.86405251,6.86405251,3733528.5,-30.5240135,-30.2779789
953.942134,6.8820684,6.8820684,3524706.5,-31.023941,-30.7779102
956.439365,6.90008429,6.90008429,3118722,-32.0868683,-31.8408356
958.936595,6.91810017,6.91810017,2519808.5,-33.9390526,-33.6930161
961.433826,6.93611606,6.93611606,1757044.25,-37.0707474,-36.8247147
963.931057,6.95413194,6.95413194,1001648.75,-41.9520912,-41.7060547
966.428288,6.97214783,6.97214783,919205.625,-42.6981506,-42.4521179
968.925518,6.99016371,6.99016371,1648136.38,-37.6265373,-37.3805046
971.422749,7.0081796,7.0081796,2730076.75,-33.2429047,-32.9968719
973.91998,7.02619549,7.02619549,3833445.25,-30.2946167,-30.0485821
976.41721,7.04421137,7.04421137,4879298.5,-28.1992531,-27.9532204
978.914441,7.06222726,7.06222726,5824348.5,-26.6614532,-26.4154224
981.411672,7.08024314,7.08024314,6640531,-25.5223446,-25.2763138
983.908903,7.09825903,7.09825903,7312778,-24.6847534,-24.4387207
986.406133,7.11627492,7.11627492,7838438,-24.08181,-23.8357773
988.903364,7.1342908,7.1342908,8226056.5,-23.6625671,-23.4165344
991.400595,7.15230669,7.15230669,8493047,-23.3851318,-23.1390972
993.897826,7.17032257,7.17032257,8662120,-23.2139187,-22.9678841
996.395056,7.18833846,7.18833846,8756698,-23.1195927,-22.8735619
998.892287,7.20635434,7.20635434,8795978,-23.080719,-22.8346844
1001.38952,7.22437023,7.22437023,8790694,-23.0859375,-22.8399048
1003.88675,7.24238612,7.24238612,8740818,-23.1353588,-22.8893261
1006.38398,7.260402,7.260402,8635956,-23.2401943,-22.9941597
1008.88121,7.27841789,7.27841789,8458266,-23.4207745,-23.1747417
1011.37844,7.29643377,7.29643377,8187049,-23.7038536,-23.4578209
1013.87567,7.31444966,7.31444966,7803849.5,-24.120224,-23.8741894
1016.3729,7.33246555,7.33246555,7297301,-24.7031574,-24.4571228
1018.87013,7.35048143,7.35048143,6667678.5,-25.486908,-25.2408752
1021.36736,7.36849732,7.36849732,5931816,-26.5026474,-26.2566147
1023.86459,7.3865132,7.3865132,5130424,-27.7633362,-27.5173016
1026.36182,7.40452909,7.40452909,4341677.5,-29.2132492,-28.9672184
1028.85906,7.42254498,7.42254498,3703824.5,-30.5933933,-30.3473587
1031.35629,7.44056086,7.44056086,3417657.25,-31.2918301,-31.0457993
1033.85352,7.45857675,7.45857675,3624754.75,-30.7808285,-30.5347939
1036.35075,7.47659263,7.47659263,4248276.5,-29.4021454,-29.1561127
1038.84798,7.49460852,7.49460852,5096400,-27.8211308,-27.5750961
1041.34521,7.5126244,7.5126244,6013056,-26.3844967,-26.1384621
1043.84244,7.53064029,7.53064029,6899685,-25.1898155,-24.9437828
1046.33967,7.54865618,7.54865618,7696107,-24.2409801,-23.9949455
1048.8369,7.56667206,7.56667206,8365877,-23.5161705,-23.2701378
1051.33413,7.58468795,7.58468795,8888456,-22.9898758,-22.7438393
1053.83136,7.60270383,7.60270383,9254852,-22.6390114,-22.3929787
1056.32859,7.62071972,7.62071972,9464735,-22.444231,-22.1981983
1058.82582,7.63873561,7.63873561,9524100,-22.3899231,-22.1438885
1061.32305,7.65675149,7.65675149,9443262,-22.4639606,-22.217926
1063.82029,7.67476738,7.67476738,9235105,-22.6575661,-22.4115334
1066.31752,7.69278326,7.69278326,8913718,-22.9652233,-22.7191906
1068.81475,7.71079915,7.71079915,8493482,-23.3846855,-23.1386528
1071.31198,7.72881503,7.72881503,7988698.5,-23.9168816,-23.6708469
1073.80921,7.74683092,7.74683092,7413682,-24.5657234,-24.3196888
1076.30644,7.76484681,7.76484681,6783339,-25.337532,-25.0914974
1078.80367,7.78286269,7.78286269,6114024.5,-26.2398567,-25.993824
1081.3009,7.80087858,7.80087858,5424690.5,-27.2789021,-27.0328693
1083.79813,7.81889446,7.81889446,4738221.5,-28.4540939,-28.2080631
1086.29536,7.83691035,7.83691035,4083090.75,-29.7466202,-29.5005875
1088.79259,7.85492624,7.85492624,3495220.25,-31.0969086,-30.8508778
1091.28982,7.87294212,7.87294212,3018776.5,-32.3697815,-32.1237488
1093.78705,7.89095801,7.89095801,2700289.25,-33.3381958,-33.0921631
1096.28428,7.90897389,7.90897389,2565861.25,-33.7817383,-33.5357056
1098.78152,7.92698978,7.92698978,2592499.5,-33.6920242,-33.4459953
1101.27875,7.94500567,7.94500567,2716765,-33.2853622,-33.0393257
1103.77598,7.96302155,7.96302155,2872432.5,-32.801403,-32.5553703
1106.27321,7.98103744,7.98103744,3010891.5,-32.392498,-32.1464653
1108.77044,7.99905332,7.99905332,3101901.75,-32.1338387,-31.8878078
1111.26767,8.01706921,8.01706921,3128978.25,-32.0583496,-31.8123169
1113.7649,8.03508509,8.03508509,3085251.25,-32.1805916,-31.934557
1116.26213,8.05310098,8.05310098,2970495.5,-32.5098228,-32.2637901
1118.75936,8.07111687,8.07111687,2789103.75,-33.057106,-32.8110733
1121.25659,8.08913275,8.08913275,2548607.25,-33.8403435,-33.5943108
1123.75382,8.10714864,8.10714864,2258577.25,-34.8897018,-34.6436691
1126.25105,8.12516452,8.12516452,1929782.5,-36.2562332,-36.0102005
1128.74828,8.14318041,8.14318041,1573584.25,-38.0285988,-37.7825699
1131.24551,8.1611963,8.1611963,1201750.62,-40.3701172,-40.1240845
1133.74275,8.17921218,8.17921218,827590.938,-43.6100845,-43.3640518
1136.23998,8.19722807,8.19722807,474866.562,-48.434967,-48.1889343
1138.73721,8.21524395,8.21524395,273265.312,-53.2347107,-52.988678
1141.23444,8.23325984,8.23325984,473097,-48.4673996,-48.2213631
1143.73167,8.25127572,8.25127572,803666.875,-43.8648796,-43.6188469
1146.2289,8.26929161,8.26929161,1153744.75,-40.724205,-40.4781723
1148.72613,8.2873075,8.2873075,1507546,-38.4009895,-38.1549568
1151.22336,8.30532338,8.30532338,1862303.75,-36.5653915,-36.3193588
1153.72059,8.32333927,8.32333927,2216456.75,-35.053215,-34.8071823
1156.21782,8.34135515,8.34135515,2566538.5,-33.7794456,-33.5334129
1158.71505,8.35937104,8.35937104,2906149,-32.7000427,-32.45401
1161.21228,8.37738693,8.37738693,3225990.75,-31.7931385,-31.5471058
1163.70951,8.39540281,8.39540281,3514631.75,-31.0488052,-30.8027725
1166.20674,8.4134187,8.4134187,3759709.25,-30.463316,-30.2172832
1168.70398,8.43143458,8.43143458,3949275,-30.0360527,-29.79002
1171.20121,8.44945047,8.44945047,4073106.25,-29.7678871,-29.5218544
1173.69844,8.46746636,8.46746636,4123723.5,-29.6606102,-29.4145775
1176.19567,8.48548224,8.48548224,4097122.75,-29.7168198,-29.470789
1178.6929,8.50349813,8.50349813,3993053.5,-29.9403,-29.6942673
1181.19013,8.52151401,8.52151401,3814947,-30.3366299,-30.0905972
1183.68736,8.5395299,8.5395299,3569530,-30.9141808,-30.6681461
1186.18459,8.55754578,8.55754578,3266189.75,-31.6855736,-31.4395409
1188.68182,8.57556167,8.57556167,2916369.5,-32.669548,-32.4235191
1191.17905,8.59357756,8.59357756,2533109.5,-33.893322,-33.6472893
1193.67628,8.61159344,8.61159344,2131129,-35.394207,-35.1481705
1196.17351,8.62960933,8.62960933,1727807.5,-37.2164955,-36.970459
1198.67074,8.64762521,8.64762521,1345403.38,-39.3893509,-39.1433182
1201.16798,8.6656411,8.6656411,1014599.75,-41.8405075,-41.594471
1203.66521,8.68365699,8.68365699,805599.438,-43.844017,-43.5979843
1206.16244,8.70167287,8.70167287,963353,-42.2906914,-42.0446587
1208.65967,8.71968876,8.71968876,1294737.12,-39.7227707,-39.4767342
1211.1569,8.73770464,8.73770464,1657862,-37.5754318,-37.3293991
1213.65413,8.75572053,8.75572053,2021192.38,-35.854248,-35.6082153
1216.15136,8.77373641,8.77373641,2369089.25,-34.4747734,-34.2287407
1218.64859,8.7917523,8.7917523,2692238.75,-33.3641281,-33.1180992
1221.14582,8.80976819,8.80976819,2984952.75,-32.4676514,-32.2216187
1223.64305,8.82778407,8.82778407,3243906.5,-31.7450352,-31.4990025
1226.14028,8.84579996,8.84579996,3467389.75,-31.1663475,-30.9203148
1228.63751,8.86381584,8.86381584,3654750.5,-30.7092476,-30.4632149
1231.13474,8.88183173,8.88183173,3806009.25,-30.3570023,-30.1109715
1233.63197,8.89984762,8.89984762,3921567.75,-30.097208,-29.8511734
1236.12921,8.9178635,8.9178635,4002047.5,-29.9207573,-29.6747227
1238.62644,8.93587939,8.93587939,4048180.25,-29.8212051,-29.5751724
1241.12367,8.95389527,8.95389527,4060725.25,-29.7943287,-29.5482979
1243.6209,8.97191116,8.97191116,4040399.5,-29.8379154,-29.5918827
1246.11813,8.98992705,8.98992705,3987796.75,-29.9517422,-29.7057076
1248.61536,9.00794293,9.00794293,3903345.5,-30.137661,-29.8916283
1251.11259,9.02595882,9.02595882,3787306.5,-30.3997917,-30.153759
1253.60982,9.0439747,9.0439747,3639816.5,-30.744812,-30.4987793
1256.10705,9.06199059,9.06199059,3461033,-31.1822872,-30.9362526
1258.60428,9.08000647,9.08000647,3251314.25,-31.7252235,-31.4791889
1261.10151,9.09802236,9.09802236,3011489.5,-32.3907738,-32.1447411
1263.59874,9.11603825,9.11603825,2743179.75,-33.2013168,-32.9552841
1266.09597,9.13405413,9.13405413,2449141,-34.1861267,-33.940094
1268.5932,9.15207002,9.15207002,2133657.5,-35.3839073,-35.1378746
1271.09044,9.1700859,9.1700859,1802979.62,-36.8465843,-36.6005516
1273.58767,9.18810179,9.18810179,1466000.25,-38.6437187,-38.397686
1276.0849,9.20611768,9.20611768,1136075.12,-40.8582611,-40.6122246
1278.58213,9.22413356,9.22413356,842695.875,-43.4529839,-43.2069473
1281.07936,9.24214945,9.24214945,714088.125,-44.8913651,-44.6453323
1283.57659,9.26016533,9.26016533,734800.688,-44.643013,-44.3969765
1286.07382,9.27818122,9.27818122,806678.188,-43.8323936,-43.5863647
1288.57105,9.2961971,9.2961971,896667.562,-42.9137726,-42.6677361
1291.06828,9.31421299,9.31421299,976543.5,-42.1725693,-41.9265366
1293.56551,9.33222888,9.33222888,1022428.62,-41.7737427,-41.52771
1296.06274,9.35024476,9.35024476,1021771.25,-41.7793274,-41.5332947
1298.55997,9.36826065,9.36826065,976855.062,-42.1697998,-41.9237671
1301.0572,9.38627653,9.38627653,909818.562,-42.7873039,-42.5412712
1303.55443,9.40429242,9.40429242,863706.688,-43.2390747,-42.9930458
1306.05167,9.42230831,9.42230831,881938.062,-43.0576363,-42.8116074
1308.5489,9.44032419,9.44032419,995827,-42.0027199,-41.756691
1311.04613,9.45834008,9.45834008,1226262.38,-40.1947365,-39.9487
1313.54336,9.47635596,9.47635596,1549423,-38.163002,-37.9169693
1316.04059,9.49437185,9.49437185,1915769.38,-36.3195381,-36.0735016
1318.53782,9.51238774,9.51238774,2284223,-34.7916336,-34.5455971
1321.03505,9.53040362,9.53040362,2624647.5,-33.58498,-33.3389511
1323.53228,9.54841951,9.54841951,2913947,-32.6767693,-32.4307327
1326.02951,9.56643539,9.56643539,3134205.5,-32.0438538,-31.7978191
1328.52674,9.58445128,9.58445128,3272196.5,-31.6696148,-31.4235802
1331.02397,9.60246716,9.60246716,3319381.25,-31.5452576,-31.2992268
1333.5212,9.62048305,9.62048305,3271961.25,-31.6702385,-31.4242058
1336.01843,9.63849894,9.63849894,3130865.5,-32.053112,-31.8070793
1338.51566,9.65651482,9.65651482,2901627.25,-32.7135696,-32.4675331
1341.0129,9.67453071,9.67453071,2594273.25,-33.6860886,-33.440052
1343.51013,9.69254659,9.69254659,2223480.75,-35.0257339,-34.7797012
1346.00736,9.71056248,9.71056248,1809759.88,-36.8139801,-36.5679512
1348.50459,9.72857837,9.72857837,1384142.5,-39.1427841,-38.8967514
1351.00182,9.74659425,9.74659425,1005254.88,-41.9208755,-41.6748428
1353.49905,9.76461014,9.76461014,801730.938,-43.8858261,-43.6397934
1355.99628,9.78262602,9.78262602,900765.25,-42.8741684,-42.6281357
1358.49351,9.80064191,9.80064191,1202599.75,-40.3639793,-40.1179466
1360.99074,9.8186578,9.8186578,1560825,-38.0993195,-37.8532829
1363.48797,9.83667368,9.83667368,1904565.5,-36.3704834,-36.1244507
1365.9852,9.85468957,9.85468957,2201892,-35.1104813,-34.8644485
1368.48243,9.87270545,9.87270545,2436146.75,-34.2323341,-33.9862976
1370.97966,9.89072134,9.89072134,2598249.25,-33.6727867,-33.4267502
1373.47689,9.90873722,9.90873722,2684183.5,-33.3901558,-33.1441231
1375.97413,9.92675311,9.92675311,2694094,-33.3581467,-33.112114
1378.47136,9.944769,9.944769,2631890.25,-33.5610466,-33.3150139
1380.96859,9.96278488,9.96278488,2505005.75,-33.9902267,-33.744194
1383.46582,9.98080077,9.98080077,2324215.25,-34.6408768,-34.3948402
1385.96305,9.99881665,9.99881665,2103471.25,-35.5076675,-35.2616348
1388.46028,10.0168325,10.0168325,1859789.25,-36.5771255,-36.3310928
1390.95751,10.0348484,10.0348484,1613000.12,-37.8137131,-37.5676804
1393.45474,10.0528643,10.0528643,1384580.75,-39.1400375,-38.894001
1395.95197,10.0708802,10.0708802,1193707.12,-40.4284477,-40.182415
1398.4492,10.0888961,10.0888961,1050784.62,-41.5361252,-41.2900925
1400.94643,10.106912,10.106912,955972.625,-42.3574905,-42.1114578
1403.44366,10.1249279,10.1249279,906672.938,-42.8173866,-42.5713539
1405.94089,10.1429437,10.1429437,901189.812,-42.870079,-42.6240463
1408.43812,10.1609596,10.1609596,931450.125,-42.5832062,-42.3371735
1410.93536,10.1789755,10.1789755,983848,-42.1078415,-41.861805
1413.43259,10.1969914,10.1969914,1050664.88,-41.537117,-41.2910843
1415.92982,10.2150073,10.2150073,1133310.38,-40.879425,-40.6333923
1418.42705,10.2330232,10.2330232,1237532.62,-40.1152725,-39.869236
1420.92428,10.2510391,10.2510391,1366710.12,-39.2528725,-39.0068398
1423.42151,10.2690549,10.2690549,1517410.25,-38.3443413,-38.0983086
1425.91874,10.2870708,10.2870708,1680029.62,-37.4600639,-37.2140274
1428.41597,10.3050867,10.3050867,1842691.12,-36.6573486,-36.4113159
1430.9132,10.3231026,10.3231026,1994610.75,-35.9692383,-35.7232056
1433.41043,10.3411185,10.3411185,2127708,-35.4081612,-35.1621284
1435.90766,10.3591344,10.3591344,2237010,-34.9730415,-34.7270126
1438.40489,10.3771503,10.3771503,2320460,-34.6549187,-34.408886
1440.90212,10.3951661,10.3951661,2378458.5,-34.4404907,-34.194458
1443.39935,10.413182,10.413182,2413355,-34.3139763,-34.0679436
1445.89659,10.4311979,10.4311979,2429029.25,-34.2577438,-34.0117149
1448.39382,10.4492138,10.4492138,2430714,-34.2517242,-34.0056915
1450.89105,10.4672297,10.4672297,2425037.75,-34.2720337,-34.0259972
1453.38828,10.4852456,10.4852456,2420154.75,-34.2895393,-34.0435066
1455.88551,10.5032615,10.5032615,2425666.5,-34.2697792,-34.0237465
1458.38274,10.5212773,10.5212773,2451999.5,-34.1759949,-33.9299622
1460.87997,10.5392932,10.5392932,2509101,-33.9760361,-33.7300072
1463.3772,10.5573091,10.5573091,2604788.25,-33.6509552,-33.4049187
1465.87443,10.575325,10.575325,2743361.75,-33.200737,-32.9547081
1468.37166,10.5933409,10.5933409,2924887,-32.6442184,-32.3981857
1470.86889,10.6113568,10.6113568,3145097,-32.0137215,-31.7676888
1473.36612,10.6293727,10.6293727,3395750,-31.3476868,-31.1016541
1475.86335,10.6473885,10.6473885,3665341.25,-30.6841125,-30.4380798
1478.36058,10.6654044,10.6654044,3940075.75,-30.0563087,-29.810276
1480.85782,10.6834203,10.6834203,4204895.5,-29.4912949,-29.2452641
1483.35505,10.7014362,10.7014362,4444444,-29.0100517,-28.764019
1485.85228,10.7194521,10.7194521,4643927,-28.6286926,-28.3826618
1488.34951,10.737468,10.737468,4789875.5,-28.3599167,-28.1138821
1490.84674,10.7554839,10.7554839,4870848,-28.2143097,-27.9682751
1493.34397,10.7734997,10.7734997,4878071,-28.2014389,-27.9554062
1495.8412,10.7915156,10.7915156,4806013.5,-28.3306999,-28.0846691
1498.33843,10.8095315,10.8095315,4652833.5,-28.612051,-28.3660164
1500.83566,10.8275474,10.8275474,4420682,-29.0566158,-28.8105812
1503.33289,10.8455633,10.8455633,4115800.75,-29.6773148,-29.431282
1505.83012,10.8635792,10.8635792,3748395,-30.4894943,-30.2434616
1508.32735,10.8815951,10.8815951,3332247.75,-31.5116539,-31.2656231
1510.82458,10.8996109,10.8996109,2884110.25,-32.7661629,-32.520134
1513.32181,10.9176268,10.9176268,2422847.75,-34.2798767,-34.0338478
1515.81905,10.9356427,10.9356427,1968430.88,-36.0839958,-35.8379669
1518.31628,10.9536586,10.9536586,1540788.75,-38.2115402,-37.9655037
1520.81351,10.9716745,10.9716745,1158573.38,-40.6879272,-40.4418983
1523.31074,10.9896904,10.9896904,837740.312,-43.5042152,-43.2581787
1525.80797,11.0077063,11.0077063,589705.375,-46.5536957,-46.3076706
1528.3052,11.0257221,11.0257221,419346.125,-49.514946,-49.2689133
1530.80243,11.043738,11.043738,326365.781,-51.6923103,-51.4462738
1533.29966,11.0617539,11.0617539,314118.969,-52.0245171,-51.7784843
1535.79689,11.0797698,11.0797698,405608.531,-49.8042603,-49.5582237
1538.29412,11.0977857,11.0977857,604885.938,-46.3329315,-46.0868988
1540.79135,11.1158016,11.1158016,877187.75,-43.1045494,-42.8585129
1543.28858,11.1338175,11.1338175,1201563.12,-40.3714714,-40.1254349
1545.78581,11.1518333,11.1518333,1562069,-38.0923958,-37.8463669
1548.28304,11.1698492,11.1698492,1942658.12,-36.1984711,-35.9524422
1550.78028,11.1878651,11.1878651,2327048.75,-34.630291,-34.3842583
1553.27751,11.205881,11.205881,2699436,-33.3409424,-33.0949059
1555.77474,11.2238969,11.2238969,3045197,-32.2940903,-32.0480614
1558.27197,11.2419128,11.2419128,3351452.5,-31.4617386,-31.2157059
1560.7692,11.2599287,11.2599287,3607463.25,-30.8223629,-30.5763283
1563.26643,11.2779445,11.2779445,3804845.5,-30.3596611,-30.1136284
1565.76366,11.2959604,11.2959604,3937662,-30.0616302,-29.8155994
1568.26089,11.3139763,11.3139763,4002395.5,-29.920002,-29.6739674
1570.75812,11.3319922,11.3319922,3997839.5,-29.9298935,-29.6838608
1573.25535,11.3500081,11.3500081,3924939.5,-30.0897408,-29.8437099
1575.75258,11.368024,11.368024,3786619.25,-30.4013672,-30.1553345
1578.24981,11.3860399,11.3860399,3587595.25,-30.8703327,-30.6242981
1580.74704,11.4040558,11.4040558,3334222,-31.5065117,-31.260479
1583.24427,11.4220716,11.4220716,3034360,-32.3250618,-32.0790253
1585.74151,11.4400875,11.4400875,2697299.75,-33.3478165,-33.1017838
1588.23874,11.4581034,11.4581034,2333772.75,-34.6052284,-34.3591995
1590.73597,11.4761193,11.4761193,1956169,-36.1382751,-35.8922424
1593.2332,11.4941352,11.4941352,1579304.12,-37.9970856,-37.7510529
1595.73043,11.5121511,11.5121511,1222773,-40.2194824,-39.9734535
1598.22766,11.530167,11.530167,917204.688,-42.7170753,-42.4710426
1600.72489,11.5481828,11.5481828,708766.562,-44.956337,-44.7103043
1603.22212,11.5661987,11.5661987,624019.125,-46.0624466,-45.8164139
1605.71935,11.5842146,11.5842146,647051.938,-45.7476196,-45.5015869
1608.21658,11.6022305,11.6022305,738580.5,-44.5984459,-44.3524132
1610.71381,11.6202464,11.6202464,839632.875,-43.4846115,-43.2385788
1613.21104,11.6382623,11.6382623,913014.625,-42.7568474,-42.5108147
1615.70827,11.6562782,11.6562782,946110.188,-42.447567,-42.2015343
1618.2055,11.674294,11.674294,940767.375,-42.4967575,-42.2507248
1620.70274,11.6923099,11.6923099,909892.875,-42.7865982,-42.5405655
1623.19997,11.7103258,11.7103258,876167.188,-43.1146622,-42.8686295
1625.6972,11.7283417,11.7283417,865250.625,-43.2235641,-42.9775276
1628.19443,11.7463576,11.7463576,895158.25,-42.9284058,-42.682373
1630.69166,11.7643735,11.7643735,975154.25,-42.1849365,-41.9389
1633.18889,11.7823894,11.7823894,1106902.12,-41.0842171,-40.8381844
1635.68612,11.8004052,11.8004052,1280050.25,-39.8218613,-39.5758286
1638.18335,11.8184211,11.8184211,1475436,-38.5879936,-38.3419609
1640.68058,11.836437,11.836437,1673831.75,-37.4921646,-37.2461319
1643.17781,11.8544529,11.8544529,1860248.25,-36.5749817,-36.328949
1645.67504,11.8724688,11.8724688,2024175,-35.8414383,-35.5954056
1648.17227,11.8904847,11.8904847,2158727.25,-35.282444,-35.0364151
1650.6695,11.9085006,11.9085006,2259868.75,-34.8847351,-34.6387024
1653.16673,11.9265164,11.9265164,2325813,-34.634903,-34.3888741
1655.66397,11.9445323,11.9445323,2356575,-34.5207748,-34.2747421
1658.1612,11.9625482,11.9625482,2353599.5,-34.5317497,-34.285717
1660.65843,11.9805641,11.9805641,2319450,-34.6587029,-34.4126663
1663.15566,11.99858,11.99858,2257553,-34.8936424,-34.6476097
1665.65289,12.0165959,12.0165959,2171958.75,-35.2293701,-34.9833374
1668.15012,12.0346118,12.0346118,2067128.25,-35.6590538,-35.4130211
1670.64735,12.0526276,12.0526276,1947731.75,-36.1758194,-35.9297867
1673.14458,12.0706435,12.0706435,1818443.88,-36.7724037,-36.526371
1675.64181,12.0886594,12.0886594,1683761.62,-37.4407883,-37.1947556
1678.13904,12.1066753,12.1066753,1547827.12,-38.1719513,-37.9259186
1680.63627,12.1246912,12.1246912,1414279.5,-38.9556961,-38.7096634
1683.1335,12.1427071,12.1427071,1286159.75,-39.7805023,-39.5344696
1685.63073,12.160723,12.160723,1165845.12,-40.6335831,-40.3875504
1688.12796,12.1787388,12.1787388,1055045,-41.5009842,-41.2549515
1690.6252,12.1967547,12.1967547,954826.688,-42.3679123,-42.1218796
1693.12243,12.2147706,12.2147706,865665.562,-43.2193985,-42.9733658
1695.61966,12.2327865,12.2327865,787529.188,-44.0410652,-43.7950363
1698.11689,12.2508024,12.2508024,720022.625,-44.8194809,-44.5734444
1700.61412,12.2688183,12.2688183,662618.5,-45.5411301,-45.2950974
1703.11135,12.2868342,12.2868342,614822.5,-46.1914062,-45.9453735
1705.60858,12.30485,12.30485,576107.625,-46.7563286,-46.5102959
1708.10581,12.3228659,12.3228659,545575.5,-47.2293053,-46.9832687
1710.60304,12.3408818,12.3408818,521680.469,-47.618309,-47.3722763
1713.10027,12.3588977,12.3588977,502341.75,-47.9464149,-47.7003822
1715.5975,12.3769136,12.3769136,485476.875,-48.2430305,-47.9969978
1718.09473,12.3949295,12.3949295,469571.812,-48.5323639,-48.2863274
1720.59196,12.4129454,12.4129454,453951.406,-48.8262138,-48.5801773
1723.08919,12.4309612,12.4309612,438676.344,-49.1235161,-48.8774834
1725.58643,12.4489771,12.4489771,424489.188,-49.4090691,-49.1630363
1728.08366,12.466993,12.466993,413362.344,-49.639782,-49.3937492
1730.58089,12.4850089,12.4850089,409375.438,-49.7239647,-49.4779358
1733.07812,12.5030248,12.5030248,418689.406,-49.5285606,-49.2825279
1735.57535,12.5210407,12.5210407,447389.281,-48.9526901,-48.7066574
1738.07258,12.5390566,12.5390566,497944.281,-48.0227852,-47.7767525
1740.56981,12.5570724,12.5570724,567807.938,-46.88237,-46.6363373
1743.06704,12.5750883,12.5750883,651345.75,-45.6901703,-45.4441376
1745.56427,12.5931042,12.5931042,742107.625,-44.5570602,-44.3110313
1748.0615,12.6111201,12.6111201,833969.062,-43.5433998,-43.2973709
1750.55873,12.629136,12.629136,921499.75,-42.6764984,-42.4304619
1753.05596,12.6471519,12.6471519,1000073.25,-41.9657669,-41.7197342
1755.55319,12.6651678,12.6651678,1065926.38,-41.4118576,-41.1658249
1758.05043,12.6831836,12.6831836,1116182.5,-41.0116959,-40.7656631
1760.54766,12.7011995,12.7011995,1148891.25,-40.7608223,-40.5147896
1763.04489,12.7192154,12.7192154,1163025.38,-40.6546173,-40.4085846
1765.54212,12.7372313,12.7372313,1158469.38,-40.6887093,-40.4426765
1768.03935,12.7552472,12.7552472,1135983.25,-40.858963,-40.6129303
1770.53658,12.7732631,12.7732631,1097178.88,-41.1608505,-40.9148216
1773.03381,12.791279,12.791279,1044538.56,-41.5879097,-41.341877
1775.53104,12.8092948,12.8092948,981592.562,-42.1277771,-41.8817444
1778.02827,12.8273107,12.8273107,913325.75,-42.7538872,-42.5078545
1780.5255,12.8453266,12.8453266,847005.25,-43.40868,-43.1626472
1783.02273,12.8633425,12.8633425,793023.25,-43.9806824,-43.7346497
1785.51996,12.8813584,12.8813584,763966.312,-44.3049202,-44.0588837
1788.01719,12.8993743,12.8993743,769525.875,-44.2419395,-43.995903
1790.51442,12.9173902,12.9173902,811432.5,-43.781353,-43.5353165
1793.01166,12.935406,12.935406,885294.938,-43.0246391,-42.7786064
1795.50889,12.9534219,12.9534219,984549.75,-42.1016502,-41.8556175
1798.00612,12.9714378,12.9714378,1101576.62,-41.1261063,-40.8800735
1800.50335,12.9894537,12.9894537,1227799.62,-40.1838493,-39.9378166
1803.00058,13.0074696,13.0074696,1354202.25,-39.3327293,-39.0866966
1805.49781,13.0254855,13.0254855,1472029.5,-38.6080704,-38.3620377
1807.99504,13.0435014,13.0435014,1573344.12,-38.0299263,-37.7838936
1810.49227,13.0615173,13.0615173,1651463.75,-37.6090202,-37.3629875
1812.9895,13.0795331,13.0795331,1701302.62,-37.350769,-37.1047363
1815.48673,13.097549,13.097549,1719662.62,-37.257534,-37.0115051
1817.98396,13.1155649,13.1155649,1705454.75,-37.3295975,-37.0835648
1820.48119,13.1335808,13.1335808,1659789,-37.5653419,-37.3193092
1822.97842,13.1515967,13.1515967,1585937.5,-37.9606781,-37.7146454
1825.47565,13.1696126,13.1696126,1489143,-38.5076752,-38.2616386
1827.97289,13.1876285,13.1876285,1376220.38,-39.1926422,-38.9466095
1830.47012,13.2056443,13.2056443,1255029,-39.9933281,-39.7472916
1832.96735,13.2236602,13.2236602,1133752.5,-40.8760376,-40.6300011
1835.46458,13.2416761,13.2416761,1020050.88,-41.7939682,-41.5479317
1837.96181,13.259692,13.259692,920210.938,-42.6886559,-42.4426231
1840.45904,13.2777079,13.2777079,838481,-43.4965363,-43.2505035
1842.95627,13.2957238,13.2957238,777131.062,-44.156517,-43.9104843
1845.4535,13.3137397,13.3137397,737564.812,-44.6103973,-44.3643646
1847.95073,13.3317555,13.3317555,721829.875,-44.7977066,-44.5516739
1850.44796,13.3497714,13.3497714,732932.438,-44.665123,-44.4190903
1852.94519,13.3677873,13.3677873,773718.125,-44.1947479,-43.9487114
1855.44242,13.3858032,13.3858032,846137.875,-43.4175797,-43.1715431
1857.93965,13.4038191,13.4038191,950685.375,-42.4056664,-42.1596336
1860.43688,13.421835,13.421835,1084818.25,-41.2592621,-41.0132294
1862.93412,13.4398509,13.4398509,1241869.12,-40.0848846,-39.8388519
1865.43135,13.4578667,13.4578667,1412075,-38.9692459,-38.7232132
1867.92858,13.4758826,13.4758826,1584546.62,-37.9682999,-37.7222672
1870.42581,13.4938985,13.4938985,1748746.62,-37.1118622,-36.8658295
1872.92304,13.5119144,13.5119144,1895249.75,-36.4130707,-36.167038
1875.42027,13.5299303,13.5299303,2016137.25,-35.8759995,-35.6299667
1877.9175,13.5479462,13.5479462,2105213.5,-35.5004807,-35.2544441
1880.41473,13.5659621,13.5659621,2158154.25,-35.2847519,-35.0387192
1882.91196,13.5839779,13.5839779,2172559.5,-35.2269669,-34.9809341
1885.40919,13.6019938,13.6019938,2147931,-35.3259964,-35.0799599
1887.90642,13.6200097,13.6200097,2085561.12,-35.5819435,-35.3359108
1890.40365,13.6380256,13.6380256,1988336,-35.9966049,-35.7505722
1892.90088,13.6560415,13.6560415,1860493.5,-36.5738373,-36.3278046
1895.39811,13.6740574,13.6740574,1707343.75,-37.3199806,-37.0739479
1897.89535,13.6920733,13.6920733,1535008.5,-38.2441864,-37.9981537
1900.39258,13.7100891,13.7100891,1350221.5,-39.3582993,-39.1122665
1902.88981,13.728105,13.728105,1160226.5,-40.6755447,-40.429512
1905.38704,13.7461209,13.7461209,972765.938,-42.206234,-41.9602013
1907.88427,13.7641368,13.7641368,796076.5,-43.9473038,-43.7012711
1910.3815,13.7821527,13.7821527,638465.188,-45.8636551,-45.6176224
1912.87873,13.8001686,13.8001686,507033.875,-47.8656616,-47.6196289
1915.37596,13.8181845,13.8181845,407358.219,-49.7668686,-49.5208397
1917.87319,13.8362003,13.8362003,348232.125,-51.1290283,-50.8829918
1920.37042,13.8542162,13.8542162,335840.844,-51.4437294,-51.1976967
1922.86765,13.8722321,13.8722321,347734.688,-51.1414413,-50.8954086
1925.36488,13.890248,13.890248,353804.438,-50.9911346,-50.7451019
1927.86211,13.9082639,13.9082639,340788.125,-51.3167152,-51.0706787
1930.35934,13.9262798,13.9262798,326668.688,-51.6842499,-51.4382172
1932.85658,13.9442957,13.9442957,345594.531,-51.1950645,-50.949028
1935.35381,13.9623115,13.9623115,399213.75,-49.9422913,-49.6962585
1937.85104,13.9803274,13.9803274,443267.312,-49.0330887,-48.787056
1940.34827,13.9983433,13.9983433,479663.312,-48.3476677,-48.1016388
1942.8455,14.0163592,14.0163592,518807.219,-47.6662827,-47.4202499
1945.34273,14.0343751,14.0343751,580644.625,-46.6881943,-46.4421616
1947.83996,14.052391,14.052391,672862.312,-45.4078751,-45.1618423
1950.33719,14.0704069,14.0704069,776530.688,-44.1632271,-43.9171982
1952.83442,14.0884227,14.0884227,872003.25,-43.1560364,-42.9100075
1955.33165,14.1064386,14.1064386,948266.188,-42.4277954,-42.1817627
1957.82888,14.1244545,14.1244545,999524,-41.9705353,-41.7245064
1960.32611,14.1424704,14.1424704,1023009.94,-41.7688026,-41.5227699
1962.82334,14.1604863,14.1604863,1018156.25,-41.810112,-41.5640793
1965.32057,14.1785022,14.1785022,986184.125,-42.0872421,-41.8412056
1967.81781,14.1965181,14.1965181,929806.75,-42.5985489,-42.3525162
1970.31504,14.2145339,14.2145339,852927.938,-43.348156,-43.1021194
1972.81227,14.2325498,14.2325498,760322.188,-44.346447,-44.1004143
1975.3095,14.2505657,14.2505657,657271.5,-45.6115036,-45.3654709
1977.80673,14.2685816,14.2685816,549136.625,-47.1727943,-46.9267616
1980.30396,14.2865975,14.2865975,440883.75,-49.0799179,-48.8338852
1982.80119,14.3046134,14.3046134,336727.562,-51.420826,-51.1747932
1985.29842,14.3226293,14.3226293,247763.812,-54.0856476,-53.8396111
1987.79565,14.3406451,14.3406451,236281.281,-54.4978142,-54.2517815
1990.29288,14.358661,14.358661,245284.75,-54.1729889,-53.92696
1992.79011,14.3766769,14.3766769,250226.734,-53.9997253,-53.7536964
1995.28734,14.3946928,14.3946928,242096.609,-54.2866287,-54.040596
1997.78457,14.4127087,14.4127087,220231.031,-55.1088333,-54.8628006
2000.2818,14.4307246,14.4307246,222107.328,-55.035141,-54.7891083
2002.77904,14.4487405,14.4487405,259646.344,-53.6787567,-53.432724
2005.27627,14.4667563,14.4667563,296465.562,-52.5269165,-52.2808838
2007.7735,14.4847722,14.4847722,326379.75,-51.6919365,-51.4459038
2010.27073,14.5027881,14.5027881,348638.156,-51.1189041,-50.8728714
2012.76796,14.520804,14.520804,363398.406,-50.7587395,-50.5127106
2015.26519,14.5388199,14.5388199,371102.938,-50.5765152,-50.3304825
2017.76242,14.5568358,14.5568358,372341.875,-50.5475616,-50.3015327
2020.25965,14.5748517,14.5748517,368150.312,-50.6459007,-50.3998642
2022.75688,14.5928675,14.5928675,361193.281,-50.8116112,-50.5655746
2025.25411,14.6108834,14.6108834,356545.156,-50.9241104,-50.6780777
2027.75134,14.6288993,14.6288993,357956.688,-50.8897934,-50.6437607
2030.24857,14.6469152,14.6469152,365147.656,-50.7170296,-50.4709969
2032.7458,14.6649311,14.6649311,377284.406,-50.4330254,-50.1869926
2035.24303,14.682947,14.682947,394147.188,-50.0532341,-49.8072014
2037.74027,14.7009629,14.7009629,415649.5,-49.5918579,-49.3458214
2040.2375,14.7189787,14.7189787,441423.188,-49.0692978,-48.8232651
2042.73473,14.7369946,14.7369946,470258.125,-48.5196724,-48.2736397
2045.23196,14.7550105,14.7550105,499369.469,-47.997963,-47.7519264
2047.72919,14.7730264,14.7730264,524245.969,-47.5756989,-47.3296661
2050.22642,14.7910423,14.7910423,539848.5,-47.320961,-47.0749283
2052.72365,14.8090582,14.8090582,542329.125,-47.2811432,-47.0351067
2055.22088,14.8270741,14.8270741,530105.688,-47.4791527,-47.23312
2057.71811,14.84509,14.84509,504520.625,-47.9088211,-47.6627922
2060.21534,14.8631058,14.8631058,471112.844,-48.5039062,-48.2578697
2062.71257,14.8811217,14.8811217,441254.281,-49.0726242,-48.8265915
2065.2098,14.8991376,14.8991376,421031.438,-49.4801102,-49.2340813
2067.70703,14.9171535,14.9171535,405750.188,-49.8012238,-49.555191
2070.20426,14.9351694,14.9351694,392127.375,-50.0978546,-49.8518219
2072.7015,14.9531853,14.9531853,379905.969,-50.372879,-50.1268463
2075.19873,14.9712012,14.9712012,371246.656,-50.5731506,-50.3271141
2077.69596,14.989217,14.989217,369401.969,-50.6164169,-50.3703842
2080.19319,15.0072329,15.0072329,374123.312,-50.5061035,-50.2600708
2082.69042,15.0252488,15.0252488,378668.062,-50.4012299,-50.1551971
2085.18765,15.0432647,15.0432647,374524.938,-50.496788,-50.2507553
2087.68488,15.0612806,15.0612806,356105.844,-50.9348221,-50.6887856
2090.18211,15.0792965,15.0792965,321680,-51.8179169,-51.571888
2092.67934,15.0973124,15.0973124,274681.406,-53.1898155,-52.9437828
2095.17657,15.1153282,15.1153282,253725.844,-53.8791084,-53.6330757
2097.6738,15.1333441,15.1333441,311435.688,-52.0990334,-51.8529968
2100.17103,15.15136,15.15136,379325.531,-50.3861618,-50.1401291
2102.66826,15.1693759,15.1693759,449915.188,-48.9037895,-48.6577568
2105.16549,15.1873918,15.1873918,522933.406,-47.5974731,-47.3514404
2107.66273,15.2054077,15.2054077,597941.562,-46.4332237,-46.1871948
2110.15996,15.2234236,15.2234236,672907.938,-45.4072914,-45.1612549
2112.65719,15.2414394,15.2414394,744395.875,-44.5303192,-44.2842903
2115.15442,15.2594553,15.2594553,808690.875,-43.8107491,-43.5647163
2117.65165,15.2774712,15.2774712,862717.125,-43.2490349,-43.0030022
2120.14888,15.2954871,15.2954871,904371.375,-42.8394661,-42.5934296
2122.64611,15.313503,15.313503,932475.062,-42.573658,-42.3276215
2125.14334,15.3315189,15.3315189,946580.875,-42.4432449,-42.1972122
2127.64057,15.3495348,15.3495348,946771.5,-42.4414978,-42.1954651
2130.1378,15.3675506,15.3675506,933488.688,-42.5642204,-42.3181877
2132.63503,15.3855665,15.3855665,907435,-42.8100929,-42.5640564
2135.13226,15.4035824,15.4035824,869536.25,-43.1806488,-42.9346123
2137.62949,15.4215983,15.4215983,820930.125,-43.680275,-43.4342422
2140.12672,15.4396142,15.4396142,763004.25,-44.3158646,-44.069828
2142.62396,15.4576301,15.4576301,697415.75,-45.0965652,-44.8505363
2145.12119,15.475646,15.475646,626094.688,-46.0335999,-45.7875671
2147.61842,15.4936618,15.4936618,551205.188,-47.1401367,-46.894104
2150.11565,15.5116777,15.5116777,475044.875,-48.4317055,-48.1856766
2152.61288,15.5296936,15.5296936,399877.812,-49.9278564,-49.6818199
2155.11011,15.5477095,15.5477095,327695.906,-51.6569824,-51.4109459
2157.60734,15.5657254,15.5657254,259961.766,-53.6682129,-53.4221802
2160.10457,15.5837413,15.5837413,197466.266,-56.0565414,-55.8105087
2162.6018,15.6017572,15.6017572,140533.062,-59.0108299,-58.7647972
2165.09903,15.619773,15.619773,89840.5312,-62.8969536,-62.6509247
2167.59626,15.6377889,15.6377889,50021.5938,-67.9832535,-67.7372131
2170.09349,15.6558048,15.6558048,47615.5469,-68.4114227,-68.16539
2172.59072,15.6738207,15.6738207,72509.6875,-64.7584839,-64.5124512
2175.08795,15.6918366,15.6918366,105895.828,-61.4688263,-61.2227936
2177.58519,15.7098525,15.7098525,140810.219,-58.9937172,-58.7476807
2180.08242,15.7278684,15.7278684,176778.125,-57.0178299,-56.7717972
2182.57965,15.7458842,15.7458842,215916.281,-55.2806931,-55.0346603
2185.07688,15.7639001,15.7639001,259507.391,-53.683403,-53.4373703
2187.57411,15.781916,15.781916,306697.906,-52.2321854,-51.9861526
2190.07134,15.7999319,15.7999319,355331.812,-50.9537201,-50.7076874
2192.56857,15.8179478,15.8179478,403161.375,-49.8568268,-49.6107903
2195.0658,15.8359637,15.8359637,448302.594,-48.9349747,-48.688942
2197.56303,15.8539796,15.8539796,489334.875,-48.1742783,-47.9282417
2200.06026,15.8719954,15.8719954,525270.312,-47.5587425,-47.3127136
2202.55749,15.8900113,15.8900113,555489.938,-47.072876,-46.8268433
2205.05472,15.9080272,15.9080272,579642.188,-46.7032013,-46.4571686
2207.55195,15.9260431,15.9260431,597545.625,-46.4389801,-46.1929474
2210.04918,15.944059,15.944059,609097.188,-46.2726669,-46.0266342
2212.54642,15.9620749,15.9620749,614202.75,-46.2001648,-45.9541321
2215.04365,15.9800908,15.9800908,612740.875,-46.2208633,-45.9748306
2217.54088,15.9981066,15.9981066,604561,-46.3376007,-46.091568
2220.03811,16.0161225,16.0161225,589524.875,-46.5563583,-46.3103256
2222.53534,16.0341384,16.0341384,567569.312,-46.8860245,-46.6399918
2225.03257,16.0521543,16.0521543,538792.938,-47.3379593,-47.0919342
2227.5298,16.0701702,16.0701702,503566.125,-47.9252701,-47.6792374
2230.02703,16.0881861,16.0881861,462610.875,-48.6620865,-48.4160538
2232.52426,16.106202,16.106202,417100.344,-49.5615921,-49.3155594
2235.02149,16.1242178,16.1242178,368740.062,-50.6319962,-50.3859634
2237.51872,16.1422337,16.1422337,319920.812,-51.8655472,-51.6195221
2240.01595,16.1602496,16.1602496,274127.344,-53.2073555,-52.961319
2242.51318,16.1782655,16.1782655,236487.625,-54.4902344,-54.2441978
2245.01041,16.1962814,16.1962814,218695.688,-55.1695976,-54.9235611
2247.50765,16.2142973,16.2142973,219824.797,-55.1248703,-54.8788376
2250.00488,16.2323132,16.2323132,229739.344,-54.7416916,-54.4956589
2252.50211,16.250329,16.250329,242598.547,-54.2686386,-54.0226021
2254.99934,16.2683449,16.2683449,255372.172,-53.8229332,-53.5768967
2257.49657,16.2863608,16.2863608,265906.375,-53.4718285,-53.2257919
2259.9938,16.3043767,16.3043767,273013.062,-53.2427292,-52.9967041
2262.49103,16.3223926,16.3223926,276475.625,-53.1332626,-52.8872299
2264.98826,16.3404085,16.3404085,276793.562,-53.1232834,-52.8772507
2267.48549,16.3584244,16.3584244,274790.812,-53.1863594,-52.9403267
2269.98272,16.3764402,16.3764402,271398.312,-53.2942581,-53.0482254
2272.47995,16.3944561,16.3944561,267827.781,-53.4092903,-53.1632576
2274.97718,16.412472,16.412472,265987.781,-53.4691658,-53.2231331
2277.47441,16.4304879,16.4304879,268462.031,-53.3887444,-53.1427078
2279.97164,16.4485038,16.4485038,277109.969,-53.1133614,-52.8673248
2282.46888,16.4665197,16.4665197,290962.594,-52.6896591,-52.4436226
2284.96611,16.4845356,16.4845356,306551.625,-52.2363281,-51.9902954
2287.46334,16.5025514,16.5025514,320170.188,-51.8587837,-51.6127472
2289.96057,16.5205673,16.5205673,329139.344,-51.6188049,-51.3727722
2292.4578,16.5385832,16.5385832,331938.375,-51.5452538,-51.2992172
2294.95503,16.5565991,16.5565991,327987.156,-51.6492653,-51.4032326
2297.45226,16.574615,16.574615,317409.406,-51.9340057,-51.6879692
2299.94949,16.5926309,16.5926309,300826.156,-52.4000893,-52.1540527
2302.44672,16.6106468,16.6106468,279203.312,-53.0479889,-52.8019562
2304.94395,16.6286627,16.6286627,253768.172,-53.8776588,-53.6316261
2307.44118,16.6466785,16.6466785,226019.641,-54.8834763,-54.6374474
2309.93841,16.6646944,16.6646944,197821.844,-56.0409164,-55.7948837
2312.43564,16.6827103,16.6827103,171791.734,-57.2663536,-57.0203247
2314.93287,16.7007262,16.7007262,156507.125,-58.0757179,-57.8296852
2317.43011,16.7187421,16.7187421,156236.688,-58.0907402,-57.8447037
2319.92734,16.736758,16.736758,168632.984,-57.4275513,-57.1815147
2322.42457,16.7547739,16.7547739,188157.375,-56.4759789,-56.2299423
2324.9218,16.7727897,16.7727897,210109.797,-55.5174713,-55.2714462
2327.41903,16.7908056,16.7908056,231782.156,-54.6648026,-54.4187698
2329.91626,16.8088215,16.8088215,251535.094,-53.9544296,-53.7083969
2332.41349,16.8268374,16.8268374,268453.562,-53.3890152,-53.1429863
2334.91072,16.8448533,16.8448533,282174.188,-52.9560547,-52.710022
2337.40795,16.8628692,16.8628692,292776.719,-52.6356697,-52.389637
2339.90518,16.8808851,16.8808851,300650.125,-52.4051704,-52.1591415
2342.40241,16.8989009,16.8989009,306350.812,-52.2420197,-51.9959869
2344.89964,16.9169168,16.9169168,310448.875,-52.1265984,-51.8805656
2347.39687,16.9349327,16.9349327,313422.219,-52.0438042,-51.7977715
2349.89411,16.9529486,16.9529486,315664.531,-51.9818878,-51.7358551
2352.39134,16.9709645,16.9709645,317563.938,-51.9297791,-51.6837463
2354.88857,16.9889804,16.9889804,319601.281,-51.8742332,-51.6281967
2357.3858,17.0069963,17.0069963,322335.625,-51.8002357,-51.554203
2359.88303,17.0250121,17.0250121,326281.375,-51.6945572,-51.4485207
2362.38026,17.043028,17.043028,331688.25,-51.5517998,-51.3057671
2364.87749,17.0610439,17.0610439,338394.062,-51.3779449,-51.1319122
2367.37472,17.0790598,17.0790598,345833.562,-51.1890602,-50.9430275
2369.87195,17.0970757,17.0970757,353187.688,-51.0062866,-50.7602539
2372.36918,17.1150916,17.1150916,359554.656,-50.8511009,-50.6050682
2374.86641,17.1331075,17.1331075,364070.781,-50.7426834,-50.4966507
2377.36364,17.1511233,17.1511233,365977.875,-50.6973038,-50.4512711
2379.86087,17.1691392,17.1691392,364678.844,-50.7281876,-50.4821587
2382.3581,17.1871551,17.1871551,359799.938,-50.8451805,-50.599144
2384.85534,17.205171,17.205171,351257.969,-51.0538788,-50.8078423
2387.35257,17.2231869,17.2231869,339320.844,-51.354187,-51.1081619
2389.8498,17.2412028,17.2412028,324673.938,-51.7374496,-51.4914169
2392.34703,17.2592187,17.2592187,308491.969,-52.1815262,-51.9354935
2394.84426,17.2772345,17.2772345,292409.031,-52.6465836,-52.4005508
2397.34149,17.2952504,17.2952504,278119.969,-53.0817566,-52.8357277
2399.83872,17.3132663,17.3132663,266413.344,-53.4552803,-53.2092476
2402.33595,17.3312822,17.3312822,256781.109,-53.7751389,-53.5291061
2404.83318,17.3492981,17.3492981,248283.016,-54.0674629,-53.8214302
2407.33041,17.367314,17.367314,240391.844,-54.3480072,-54.1019745
2409.82764,17.3853299,17.3853299,233022.953,-54.6184235,-54.3723984
2412.32487,17.4033457,17.4033457,226313.031,-54.8722076,-54.6261787
2414.8221,17.4213616,17.4213616,220468.25,-55.0994797,-54.853447
2417.31933,17.4393775,17.4393775,215716.609,-55.2887306,-55.0426941
2419.81657,17.4573934,17.4573934,212302.203,-55.4273148,-55.1812782
2422.3138,17.4754093,17.4754093,210430.844,-55.5042114,-55.2581787
2424.81103,17.4934252,17.4934252,210191.891,-55.5140839,-55.2680511
2427.30826,17.5114411,17.5114411,211467.031,-55.4615479,-55.2155151
2429.80549,17.5294569,17.5294569,213960.016,-55.3597488,-55.1137161
2432.30272,17.5474728,17.5474728,217274.844,-55.2262115,-54.9801788
2434.79995,17.5654887,17.5654887,220979.469,-55.0793648,-54.8333321
2437.29718,17.5835046,17.5835046,224573.609,-54.9392281,-54.6931915
2439.79441,17.6015205,17.6015205,227432.062,-54.8293686,-54.5833359
2442.29164,17.6195364,17.6195364,228765.641,-54.7785873,-54.5325508
2444.78887,17.6375523,17.6375523,227666.5,-54.8204193,-54.5743866
2447.2861,17.6555681,17.6555681,223221.812,-54.9916687,-54.745636
2449.78333,17.673584,17.673584,214655.891,-55.331543,-55.0855103
2452.28056,17.6915999,17.6915999,201468.812,-55.8822441,-55.6362114
2454.7778,17.7096158,17.7096158,183584.188,-56.6896973,-56.4436646
2457.27503,17.7276317,17.7276317,161762.609,-57.7888412,-57.5428047
2459.77226,17.7456476,17.7456476,144132.922,-58.7911377,-58.545105
2462.26949,17.7636635,17.7636635,148527.734,-58.5302505,-58.2842178
2464.76672,17.7816793,17.7816793,166858.234,-57.5194511,-57.2734146
2467.26395,17.7996952,17.7996952,187319.438,-56.5147438,-56.2687111
2469.76118,17.8177111,17.8177111,208550.688,-55.5821686,-55.3361359
2472.25841,17.835727,17.835727,229955.719,-54.7335129,-54.4874878
2474.75564,17.8537429,17.8537429,250879.188,-53.977108,-53.7310753
2477.25287,17.8717588,17.8717588,270343.781,-53.3280754,-53.0820427
2479.7501,17.8897747,17.8897747,287032.875,-52.8077698,-52.5617371
2482.24733,17.9077905,17.9077905,299482.312,-52.4389801,-52.1929474
2484.74456,17.9258064,17.9258064,306340.406,-52.2423172,-51.9962845
2487.24179,17.9438223,17.9438223,306574.562,-52.2356796,-51.9896469
2489.73903,17.9618382,17.9618382,299575.781,-52.436264,-52.1902313
2492.23626,17.9798541,17.9798541,285210.25,-52.8630981,-52.6170654
2494.73349,17.99787,17.99787,263841.906,-53.5395241,-53.2934914
2497.23072,18.0158859,18.0158859,236365.438,-54.4947205,-54.2486916
2499.72795,18.0339017,18.0339017,204324,-55.7600098,-55.5139847
2502.22518,18.0519176,18.0519176,170218.031,-57.3462906,-57.1002579
2504.72241,18.0699335,18.0699335,138252.75,-59.1529274,-58.9068947
2507.21964,18.0879494,18.0879494,115197.523,-60.7375374,-60.4915047
2509.71687,18.1059653,18.1059653,107294.516,-61.3548508,-61.1088181
2512.2141,18.1239812,18.1239812,113535.25,-60.8637848,-60.6177521
2514.71133,18.1419971,18.1419971,129641.086,-59.7115479,-59.4655151
2517.20856,18.1600129,18.1600129,151905.641,-58.3349228,-58.0888901
2519.70579,18.1780288,18.1780288,174542.266,-57.1283913,-56.8823586
2522.20302,18.1960447,18.1960447,192817.047,-56.2634964,-56.0174599
2524.70026,18.2140606,18.2140606,204210.719,-55.7648315,-55.5187988
2527.19749,18.2320765,18.2320765,207487.547,-55.6265602,-55.3805237
2529.69472,18.2500924,18.2500924,202181.641,-55.8515701,-55.6055374
2532.19195,18.2681083,18.2681083,188393.297,-56.4650917,-56.219059
2534.68918,18.2861242,18.2861242,166731.906,-57.5260239,-57.2799911
2537.18641,18.30414,18.30414,138404.797,-59.1433754,-58.8973465
2539.68364,18.3221559,18.3221559,105722.773,-61.4830322,-61.2369957
2542.18087,18.3401718,18.3401718,74818.25,-64.4862518,-64.2402191
2544.6781,18.3581877,18.3581877,62899.9492,-65.9933929,-65.7473602
2547.17533,18.3762036,18.3762036,71446.6016,-64.8867722,-64.6407394
2549.67256,18.3942195,18.3942195,105039.531,-61.5393448,-61.2933121
2552.16979,18.4122354,18.4122354,150726.938,-58.4025879,-58.1565514
2554.66702,18.4302512,18.4302512,196551.891,-56.096859,-55.8508263
2557.16425,18.4482671,18.4482671,239959.297,-54.3636513,-54.1176186
2559.66149,18.466283,18.466283,279377.531,-53.0425682,-52.7965393
2562.15872,18.4842989,18.4842989,313574.812,-52.0395737,-51.7935486
2564.65595,18.5023148,18.5023148,341552.938,-51.2972412,-51.0512085
2567.15318,18.5203307,18.5203307,362513.938,-50.7799072,-50.5338745
2569.65041,18.5383466,18.5383466,375900.469,-50.4649429,-50.2189102
2572.14764,18.5563624,18.5563624,381404.125,-50.3386917,-50.092659
2574.64487,18.5743783,18.5743783,378998.281,-50.3936577,-50.147625
2577.1421,18.5923942,18.5923942,368960.219,-50.626812,-50.3807793
2579.63933,18.6104101,18.6104101,351912.875,-51.0376968,-50.7916641
2582.13656,18.628426,18.628426,328846.906,-51.6265259,-51.3804932
2584.63379,18.6464419,18.6464419,301151.406,-52.3907051,-52.1446686
2587.13102,18.6644578,18.6644578,270630.719,-53.3188591,-53.0728226
2589.62825,18.6824736,18.6824736,239458.875,-54.3817825,-54.135746
2592.12548,18.7004895,18.7004895,209990.25,-55.522419,-55.2763824
2594.62272,18.7185054,18.7185054,184563.969,-56.6434631,-56.3974304
2597.11995,18.7365213,18.7365213,165799.859,-57.5747223,-57.3286858
2599.61718,18.7545372,18.7545372,157554.938,-58.0177612,-57.7717285
2602.11441,18.7725531,18.7725531,163384.125,-57.7022018,-57.4561691
2604.61164,18.790569,18.790569,179800.109,-56.8706055,-56.6245689
2607.10887,18.8085848,18.8085848,198996.5,-55.9894943,-55.7434616
2609.6061,18.8266007,18.8266007,215849.375,-55.2833862,-55.0373497
2612.10333,18.8446166,18.8446166,227658.047,-54.8207436,-54.574707
2614.60056,18.8626325,18.8626325,232967.219,-54.6205063,-54.3744698
2617.09779,18.8806484,18.8806484,231062.531,-54.6918106,-54.4457779
2619.59502,18.8986643,18.8986643,221818.781,-55.0464325,-54.8003998
2622.09225,18.9166802,18.9166802,205717.531,-55.7009735,-55.4549408
2624.58948,18.934696,18.934696,184190.812,-56.6610413,-56.4150085
2627.08671,18.9527119,18.9527119,161406.219,-57.8079948,-57.5619659
2629.58395,18.9707278,18.9707278,150267.625,-58.4290924,-58.1830597
2632.08118,18.9887437,18.9887437,157865.125,-58.000679,-57.7546463
2634.57841,19.0067596,19.0067596,168459.984,-57.4364662,-57.1904335
2637.07564,19.0247755,19.0247755,177038.359,-57.0050507,-56.7590179
2639.57287,19.0427914,19.0427914,182201.844,-56.7553482,-56.5093155
2642.0701,19.0608072,19.0608072,183615.391,-56.6882172,-56.4421844
2644.56733,19.0788231,19.0788231,181758.078,-56.7765274,-56.5304947
2647.06456,19.096839,19.096839,178433.359,-56.9368782,-56.6908455
2649.56179,19.1148549,19.1148549,179216.719,-56.8988342,-56.6527977
2652.05902,19.1328708,19.1328708,186398.484,-56.5575562,-56.3115234
2654.55625,19.1508867,19.1508867,193353.781,-56.2393494,-55.9933128
2657.05348,19.1689026,19.1689026,197557.203,-56.0525436,-55.8065109
2659.55071,19.1869184,19.1869184,198496.453,-56.0113487,-55.7653122
2662.04794,19.2049343,19.2049343,196310.797,-56.1075172,-55.8614807
2664.54518,19.2229502,19.2229502,191385.422,-56.3282242,-56.0821915
2667.04241,19.2409661,19.2409661,184184.484,-56.6613388,-56.4153061
2669.53964,19.258982,19.258982,175180.781,-57.0966721,-56.8506393
2672.03687,19.2769979,19.2769979,164847.953,-57.624733,-57.3786964
2674.5341,19.2950138,19.2950138,153671.562,-58.2345276,-57.9885025
2677.03133,19.3130296,19.3130296,142175.625,-58.9098969,-58.6638641
2679.52856,19.3310455,19.3310455,130948.859,-59.6243668,-59.378334
2682.02579,19.3490614,19.3490614,120630.531,-60.3372574,-60.0912247
2684.52302,19.3670773,19.3670773,111909.188,-60.9890823,-60.7430573
2687.02025,19.3850932,19.3850932,105509.875,-61.5005417,-61.2545052
2689.51748,19.4031091,19.4031091,102324.109,-61.7668457,-61.5208092
2692.01471,19.421125,19.421125,104337.875,-61.5975609,-61.3515282
2694.51194,19.4391408,19.4391408,109441.484,-61.1827621,-60.9367294
2697.00917,19.4571567,19.4571567,117094.523,-60.5956688,-60.3496361
2699.50641,19.4751726,19.4751726,126351.875,-59.9347687,-59.688736
2702.00364,19.4931885,19.4931885,135186.766,-59.3477211,-59.1016846
2704.50087,19.5112044,19.5112044,143247.484,-58.8446617,-58.598629
2706.9981,19.5292203,19.5292203,150257.953,-58.4296494,-58.1836166
2709.49533,19.5472362,19.5472362,155952.094,-58.106575,-57.8605461
2711.99256,19.565252,19.565252,160073.547,-57.8800125,-57.633976
2714.48979,19.5832679,19.5832679,162385.812,-57.7554398,-57.509407
2716.98702,19.6012838,19.6012838,162667,-57.7404099,-57.4943771
2719.48425,19.6192997,19.6192997,160723.281,-57.8448257,-57.598793
2721.98148,19.6373156,19.6373156,156393,-58.0820541,-57.8360214
2724.47871,19.6553315,19.6553315,149585.109,-58.4686317,-58.222599
2726.97594,19.6733474,19.6733474,140337.516,-59.0229263,-58.7768936
2729.47317,19.6913632,19.6913632,128978.047,-59.7560844,-59.5100555
2731.9704,19.7093791,19.7093791,116667.992,-60.6273651,-60.3813324
2734.46764,19.727395,19.727395,108480.422,-61.2593765,-61.01334
2736.96487,19.7454109,19.7454109,117768.648,-60.5458069,-60.2997742
2739.4621,19.7634268,19.7634268,134253.484,-59.4078865,-59.1618576
2741.95933,19.7814427,19.7814427,149502.125,-58.4734535,-58.2274208
2744.45656,19.7994586,19.7994586,161652.141,-57.7947693,-57.5487366
2746.95379,19.8174744,19.8174744,170086.969,-57.3529816,-57.1069489
2749.45102,19.8354903,19.8354903,174691.188,-57.1209793,-56.8749466
2751.94825,19.8535062,19.8535062,175662.844,-57.0727997,-56.826767
2754.44548,19.8715221,19.8715221,173360.5,-57.1874008,-56.9413681
2756.94271,19.889538,19.889538,168081.891,-57.4559822,-57.2099495
2759.43994,19.9075539,19.9075539,159918.641,-57.8884163,-57.6423874
2761.93717,19.9255698,19.9255698,148779.344,-58.5155487,-58.269516
2764.4344,19.9435856,19.9435856,134580.312,-59.3867722,-59.1407394
2766.93163,19.9616015,19.9616015,117556.438,-60.56147,-60.3154411
2769.42887,19.9796174,19.9796174,99005.0781,-62.0532532,-61.8072166
2771.9261,19.9976333,19.9976333,84740.0469,-63.4046249,-63.1585922
2774.42333,20.0156492,20.0156492,83083.875,-63.5760689,-63.3300362
2776.92056,20.0336651,20.0336651,86973.9609,-63.1786156,-62.9325829
2779.41779,20.051681,20.051681,89791.625,-62.9016838,-62.6556549
2781.91502,20.0696969,20.0696969,92220.2969,-62.6698723,-62.4238396
2784.41225,20.0877127,20.0877127,99740.5312,-61.9889679,-61.7429352
2786.90948,20.1057286,20.1057286,114821.164,-60.7659607,-60.519928
2789.40671,20.1237445,20.1237445,131765.656,-59.5703545,-59.3243217
2791.90394,20.1417604,20.1417604,146949.344,-58.6230469,-58.3770142
2794.40117,20.1597763,20.1597763,158935.375,-57.9419899,-57.6959572
2796.8984,20.1777922,20.1777922,167217.969,-57.5007439,-57.2547112
2799.39563,20.1958081,20.1958081,171795.203,-57.2661819,-57.0201492
2801.89286,20.2138239,20.2138239,173001.359,-57.20541,-56.9593773
2804.3901,20.2318398,20.2318398,171334.875,-57.2894859,-57.0434532
2806.88733,20.2498557,20.2498557,167184.75,-57.5024719,-57.2564354
2809.38456,20.2678716,20.2678716,160497.203,-57.8570518,-57.6110153
2811.88179,20.2858875,20.2858875,150817.078,-58.3973885,-58.1513596
2814.37902,20.3039034,20.3039034,137768.094,-59.1834259,-58.937397
2816.87625,20.3219193,20.3219193,121444.93,-60.2788124,-60.0327835
2819.37348,20.3399351,20.3399351,102642.359,-61.7398682,-61.4938354
2821.87071,20.357951,20.357951,85561.5781,-63.3208275,-63.0747948
2824.36794,20.3759669,20.3759669,73151.0781,-64.6819916,-64.4359512
2826.86517,20.3939828,20.3939828,66703.5547,-65.4834213,-65.2373886
2829.3624,20.4119987,20.4119987,69280.0938,-65.1542358,-64.9082031
2831.85963,20.4300146,20.4300146,82657.9609,-63.6207047,-63.3746758
2834.35686,20.4480305,20.4480305,102811.852,-61.7255363,-61.4795074
2836.85409,20.4660463,20.4660463,123651.75,-60.1223946,-59.8763618
2839.35133,20.4840622,20.4840622,141739.328,-58.9365921,-58.6905632
2841.84856,20.5020781,20.5020781,155438.891,-58.1352081,-57.8891754
2844.34579,20.520094,20.520094,163973.953,-57.6709023,-57.4248695
2846.84302,20.5381099,20.5381099,167151.328,-57.5042038,-57.2581711
2849.34025,20.5561258,20.5561258,165271.547,-57.6024399,-57.3564072
2851.83748,20.5741417,20.5741417,159069.016,-57.9346886,-57.6886559
2854.33471,20.5921575,20.5921575,149611.609,-58.4670982,-58.2210617
2856.83194,20.6101734,20.6101734,138158.188,-59.1588669,-58.9128342
2859.32917,20.6281893,20.6281893,125973.578,-59.9608154,-59.7147789
2861.8264,20.6462052,20.6462052,114126.523,-60.8186684,-60.5726395
2864.32363,20.6642211,20.6642211,103329.016,-61.6819572,-61.4359245
2866.82086,20.682237,20.682237,93852.8594,-62.5174522,-62.2714195
2869.31809,20.7002529,20.7002529,85730.0156,-63.3037415,-63.0577087
2871.81532,20.7182687,20.7182687,79320.0859,-63.9787369,-63.7327042
2874.31256,20.7362846,20.7362846,74501.2891,-64.5231247,-64.277092
2876.80979,20.7543005,20.7543005,71697.1797,-64.8563538,-64.6103287
2879.30702,20.7723164,20.7723164,71900.4375,-64.8317719,-64.5857391
2881.80425,20.7903323,20.7903323,74735.3203,-64.4958801,-64.2498474
2884.30148,20.8083482,20.8083482,79774.75,-63.9290924,-63.6830597
2886.79871,20.8263641,20.8263641,87041.9141,-63.1718292,-62.9258003
2889.29594,20.8443799,20.8443799,96594.6094,-62.2673416,-62.0213127
2891.79317,20.8623958,20.8623958,107563.961,-61.333065,-61.0870323
2894.2904,20.8804117,20.8804117,118206.281,-60.5135918,-60.2675591
2896.78763,20.8984276,20.8984276,127126.211,-59.8816986,-59.6356659
2899.28486,20.9164435,20.9164435,133553.297,-59.4533119,-59.2072754
2901.78209,20.9344594,20.9344594,137241.141,-59.216713,-58.9706802
2904.27932,20.9524753,20.9524753,138347.188,-59.1469955,-58.9009628
2906.77655,20.9704911,20.9704911,137311.594,-59.2122574,-58.9662209
2909.27379,20.988507,20.988507,134758.547,-59.3752747,-59.1292419
2911.77102,21.0065229,21.0065229,131419.469,-59.5932045,-59.3471718
2914.26825,21.0245388,21.0245388,128128.789,-59.8134651,-59.5674324
2916.76548,21.0425547,21.0425547,125854.93,-59.9689941,-59.7229614
2919.26271,21.0605706,21.0605706,125715.711,-59.9786072,-59.7325745
2921.75994,21.0785865,21.0785865,128866.945,-59.7635689,-59.5175362
2924.25717,21.0966023,21.0966023,136145.906,-59.2863083,-59.0402756
2926.7544,21.1146182,21.1146182,147666.062,-58.5807877,-58.3347549
2929.25163,21.1326341,21.1326341,162719.031,-57.7376366,-57.4916039
2931.74886,21.15065,21.15065,180044.578,-56.8588028,-56.6127701
2934.24609,21.1686659,21.1686659,198137.828,-56.0270538,-55.7810211
2936.74332,21.1866818,21.1866818,215481.234,-55.298214,-55.0521812
2939.24055,21.2046977,21.2046977,230663.469,-54.7068253,-54.4607925
2941.73779,21.2227135,21.2227135,242487.031,-54.2726326,-54.0265999
2944.23502,21.2407294,21.2407294,250050.438,-54.0058479,-53.759819
2946.73225,21.2587453,21.2587453,252799.188,-53.9108887,-53.664856
2949.22948,21.2767612,21.2767612,250564.062,-53.9880295,-53.741993
2951.72671,21.2947771,21.2947771,243558.547,-54.234333,-53.9883003
2954.22394,21.312793,21.312793,232355.812,-54.6433296,-54.3972969
2956.72117,21.3308089,21.3308089,217824.672,-55.204258,-54.9582291
2959.2184,21.3488247,21.3488247,201055.406,-55.9000854,-55.6540527
2961.71563,21.3668406,21.3668406,183272.547,-56.7044525,-56.4584198
2964.21286,21.3848565,21.3848565,165730.984,-57.5783234,-57.3322906
2966.71009,21.4028724,21.4028724,149646.844,-58.4650497,-58.219017
2969.20732,21.4208883,21.4208883,136249.984,-59.2796707,-59.033638
2971.70455,21.4389042,21.4389042,127651.617,-59.8458786,-59.5998421
2974.20178,21.4569201,21.4569201,126439.438,-59.9287491,-59.6827164
2976.69902,21.4749359,21.4749359,135958.453,-59.2982788,-59.0522423
2979.19625,21.4929518,21.4929518,151477.188,-58.3594551,-58.1134224
2981.69348,21.5109677,21.5109677,169475.453,-57.3842659,-57.1382332
2984.19071,21.5289836,21.5289836,186293.547,-56.5624428,-56.3164139
2986.68794,21.5469995,21.5469995,200807.531,-55.9108009,-55.6647682
2989.18517,21.5650154,21.5650154,212455.672,-55.421032,-55.1749992
2991.6824,21.5830313,21.5830313,220896.234,-55.082634,-54.8366013
2994.17963,21.6010471,21.6010471,225975.781,-54.8851624,-54.6391296
2996.67686,21.619063,21.619063,227666.156,-54.8204346,-54.574398
